Control #,Rec #,Lang,Source Audio ISBN-13,Course,Unit Num,QZ #,Speaker,Cue,Transliteration,#of words,Q or S,Course Name (Source),Snippet Name,Skills
1,1,JP,9781442310599,Japanese 2,1,01Q,N,I didn't eat much.,,,,Pimsleur Japanese Level 2 MP3,9781508222040_Japanese_2_QZ_0001.mp3,"6,9"
2,2,JP,9781442310599,Japanese 2,1,01R,M,あまり食べませんでした。,amari tabemasendeshita.,2,S,Pimsleur Japanese Level 2 MP3,9781508222040_Japanese_2_QZ_0002.mp3,"6,9"
3,3,JP,9781442310599,Japanese 2,1,02Q,N,I did shopping.,,,,Pimsleur Japanese Level 2 MP3,9781508222040_Japanese_2_QZ_0003.mp3,"1,9,14"
4,4,JP,9781442310599,Japanese 2,1,02R,M,買い物をしました。,kaimono o shimashita.,3,S,Pimsleur Japanese Level 2 MP3,9781508222040_Japanese_2_QZ_0004.mp3,"1,9,14"
5,5,JP,9781442310599,Japanese 2,1,03Q,N,Do you know kamakura?,,,,Pimsleur Japanese Level 2 MP3,9781508222040_Japanese_2_QZ_0005.mp3,"7,9"
6,6,JP,9781442310599,Japanese 2,1,03R,F,鎌倉を知っていますか。,kamakura o shitte imasu ka.,5,Q,Pimsleur Japanese Level 2 MP3,9781508222040_Japanese_2_QZ_0006.mp3,"7,9"
7,7,JP,9781442310599,Japanese 2,1,04Q,N,What did you do today?,,,,Pimsleur Japanese Level 2 MP3,9781508222040_Japanese_2_QZ_0007.mp3,"1,9,17"
8,8,JP,9781442310599,Japanese 2,1,04R,F,今日は何をしましたか.,kyo wa nani o shimashita ka.,6,Q,Pimsleur Japanese Level 2 MP3,9781508222040_Japanese_2_QZ_0008.mp3,"1,9,17"
9,9,JP,9781442310599,Japanese 2,1,05Q,N,It's a very good book.,,,,Pimsleur Japanese Level 2 MP3,9781508222040_Japanese_2_QZ_0009.mp3,"7,9"
10,10,JP,9781442310599,Japanese 2,1,05R,M,とてもいい本です。,totemo ii hon desu.,4,S,Pimsleur Japanese Level 2 MP3,9781508222040_Japanese_2_QZ_0010.mp3,"7,9"
11,11,JP,9781442310599,Japanese 2,1,06Q,N,I like it very much.,,,,Pimsleur Japanese Level 2 MP3,9781508222040_Japanese_2_QZ_0011.mp3,"7,9"
12,12,JP,9781442310599,Japanese 2,1,06R,F,とても好きです。,totemo suki desu.,3,S,Pimsleur Japanese Level 2 MP3,9781508222040_Japanese_2_QZ_0012.mp3,"7,9"
13,13,JP,9781442310599,Japanese 2,1,07Q,N,I'm going to stay here another two weeks.,,,,Pimsleur Japanese Level 2 MP3,9781508222040_Japanese_2_QZ_0013.mp3,"9,12,18"
14,14,JP,9781442310599,Japanese 2,1,07R,M,もう二週間ここにいます。,moo ni shukan koko ni imasu.,6,S,Pimsleur Japanese Level 2 MP3,9781508222040_Japanese_2_QZ_0014.mp3,"9,12,18"
15,15,JP,9781442310599,Japanese 2,1,08Q,N,"As for the afternoon, what did you do?",,,,Pimsleur Japanese Level 2 MP3,9781508222040_Japanese_2_QZ_0015.mp3,"1,9,17"
16,16,JP,9781442310599,Japanese 2,1,08R,F,午後は何をしましたか。,gogo wa nani o shimashita ka.,6,Q,Pimsleur Japanese Level 2 MP3,9781508222040_Japanese_2_QZ_0016.mp3,"1,9,17"
17,17,JP,9781442310599,Japanese 2,1,09Q,N,Not yet.,,,,Pimsleur Japanese Level 2 MP3,9781508222040_Japanese_2_QZ_0017.mp3,"7,9"
18,18,JP,9781442310599,Japanese 2,1,09R,M,まだです。,mada desu.,3,S,Pimsleur Japanese Level 2 MP3,9781508222040_Japanese_2_QZ_0018.mp3,"7,9"
19,19,JP,9781442310599,Japanese 2,1,10Q,N,I don't know.,,,,Pimsleur Japanese Level 2 MP3,9781508222040_Japanese_2_QZ_0019.mp3,"7,9,16"
20,20,JP,9781442310599,Japanese 2,1,10R,M,知りません。,shirimasen.,1,S,Pimsleur Japanese Level 2 MP3,9781508222040_Japanese_2_QZ_0020.mp3,"7,9,16"
21,21,JP,9781442310599,Japanese 2,1,11Q,N,I don't have much time.,,,,Pimsleur Japanese Level 2 MP3,9781508222040_Japanese_2_QZ_0021.mp3,"9,17"
22,22,JP,9781442310599,Japanese 2,1,11R,M,あまり時間がありません。,amari jikan ga arimasen.,4,S,Pimsleur Japanese Level 2 MP3,9781508222040_Japanese_2_QZ_0022.mp3,"9,17"
23,23,JP,9781442310599,Japanese 2,1,12Q,N,"As for me, I arrived yesterday morning.",,,,Pimsleur Japanese Level 2 MP3,9781508222040_Japanese_2_QZ_0023.mp3,"17,18"
24,24,JP,9781442310599,Japanese 2,1,12R,M,私は昨日の朝着きました。,watashi wa kino no asa tsukimashita.,6,S,Pimsleur Japanese Level 2 MP3,9781508222040_Japanese_2_QZ_0024.mp3,"17,18"
25,25,JP,9781442310599,Japanese 2,1,13Q,N,"As for the afternoon, what are you going to do?",,,,Pimsleur Japanese Level 2 MP3,9781508222040_Japanese_2_QZ_0025.mp3,"1,9,17"
26,26,JP,9781442310599,Japanese 2,1,13R,F,午後は何をしますか。,gogo wa nani o shimasu ka.,6,Q,Pimsleur Japanese Level 2 MP3,9781508222040_Japanese_2_QZ_0026.mp3,"1,9,17"
27,27,JP,9781442310599,Japanese 2,1,14Q,N,I bought this book.,,,,Pimsleur Japanese Level 2 MP3,9781508222040_Japanese_2_QZ_0027.mp3,"1,9,14"
28,28,JP,9781442310599,Japanese 2,1,14R,M,この本を買いました。,kono hon o kaimashita.,4,S,Pimsleur Japanese Level 2 MP3,9781508222040_Japanese_2_QZ_0028.mp3,"1,9,14"
29,29,JP,9781442310599,Japanese 2,2,01Q,N,There's a friend over there.,,,,Pimsleur Japanese Level 2 MP3,9781508222040_Japanese_2_QZ_0029.mp3,"5,9"
30,30,JP,9781442310599,Japanese 2,2,01R,F,あそこに友達がいます。,asoko ni tomodachi ga imasu.,5,S,Pimsleur Japanese Level 2 MP3,9781508222040_Japanese_2_QZ_0030.mp3,"5,9"
31,31,JP,9781442310599,Japanese 2,2,02Q,N,I am called Mrs. Ito.,,,,Pimsleur Japanese Level 2 MP3,9781508222040_Japanese_2_QZ_0031.mp3,"9,10,13,16"
32,32,JP,9781442310599,Japanese 2,2,02R,F,伊藤と申します。,ito to mooshimasu.,3,S,Pimsleur Japanese Level 2 MP3,9781508222040_Japanese_2_QZ_0032.mp3,"9,10,13,16"
33,33,JP,9781442310599,Japanese 2,2,03Q,N,I didn't do anything.,,,,Pimsleur Japanese Level 2 MP3,9781508222040_Japanese_2_QZ_0033.mp3,"1,9"
34,34,JP,9781442310599,Japanese 2,2,03R,F,何もしませんでした。,nanimo shimasendeshita.,2,S,Pimsleur Japanese Level 2 MP3,9781508222040_Japanese_2_QZ_0034.mp3,"1,9"
35,35,JP,9781442310599,Japanese 2,2,04Q,N,I must leave.,,,,Pimsleur Japanese Level 2 MP3,9781508222040_Japanese_2_QZ_0035.mp3,"7,9"
36,36,JP,9781442310599,Japanese 2,2,04R,F,そろそろ失礼します。,sorosoro shitsurei shimasu.,3,S,Pimsleur Japanese Level 2 MP3,9781508222040_Japanese_2_QZ_0036.mp3,"7,9"
37,37,JP,9781442310599,Japanese 2,2,05Q,N,Since a week ago.,,,,Pimsleur Japanese Level 2 MP3,9781508222040_Japanese_2_QZ_0037.mp3,"9,17"
38,38,JP,9781442310599,Japanese 2,2,05R,M,一週間前から。,isshukan mae kara.,3,S,Pimsleur Japanese Level 2 MP3,9781508222040_Japanese_2_QZ_0038.mp3,"9,17"
39,39,JP,9781442310599,Japanese 2,2,06Q,N,I want to go.,,,,Pimsleur Japanese Level 2 MP3,9781508222040_Japanese_2_QZ_0039.mp3,"1,7"
40,40,JP,9781442310599,Japanese 2,2,06R,M,行きたいです。,ikitai desu.,2,S,Pimsleur Japanese Level 2 MP3,9781508222040_Japanese_2_QZ_0040.mp3,"1,7"
41,41,JP,9781442310599,Japanese 2,2,07Q,N,By all means.,,,,Pimsleur Japanese Level 2 MP3,9781508222040_Japanese_2_QZ_0041.mp3,7
42,42,JP,9781442310599,Japanese 2,2,07R,M,ぜひ.,zehi.,1,S,Pimsleur Japanese Level 2 MP3,9781508222040_Japanese_2_QZ_0042.mp3,7
43,43,JP,9781442310599,Japanese 2,2,08Q,N,It's not very far from here.,,,,Pimsleur Japanese Level 2 MP3,9781508222040_Japanese_2_QZ_0043.mp3,"4,9"
44,44,JP,9781442310599,Japanese 2,2,08R,F,ここからあまり遠くありません。,koko kara amari tooku arimasen.,5,S,Pimsleur Japanese Level 2 MP3,9781508222040_Japanese_2_QZ_0044.mp3,"4,9"
45,45,JP,9781442310599,Japanese 2,2,09Q,N,Who's that person?,,,,Pimsleur Japanese Level 2 MP3,9781508222040_Japanese_2_QZ_0045.mp3,9
46,46,JP,9781442310599,Japanese 2,2,09R,M,あの人は誰ですか。,ano hito wa dare desu ka.,6,Q,Pimsleur Japanese Level 2 MP3,9781508222040_Japanese_2_QZ_0046.mp3,9
47,47,JP,9781442310599,Japanese 2,2,10Q,N,Won't you go?,,,,Pimsleur Japanese Level 2 MP3,9781508222040_Japanese_2_QZ_0047.mp3,"1,7"
48,48,JP,9781442310599,Japanese 2,2,10R,M,行きませんか。,ikimasen ka.,2,Q,Pimsleur Japanese Level 2 MP3,9781508222040_Japanese_2_QZ_0048.mp3,"1,7"
49,49,JP,9781442310599,Japanese 2,2,11Q,N,Won't you go to kamakura?,,,,Pimsleur Japanese Level 2 MP3,9781508222040_Japanese_2_QZ_0049.mp3,"1,18"
50,50,JP,9781442310599,Japanese 2,2,11R,M,鎌倉へ行きませんか。,kamakura e ikimasen ka.,4,Q,Pimsleur Japanese Level 2 MP3,9781508222040_Japanese_2_QZ_0050.mp3,"1,18"
51,51,JP,9781442310599,Japanese 2,2,12Q,N,That person is Mrs. Ito.,,,,Pimsleur Japanese Level 2 MP3,9781508222040_Japanese_2_QZ_0051.mp3,9
52,52,JP,9781442310599,Japanese 2,2,12R,F,あの人は伊藤さんです。,ano hito wa ito san desu.,6,S,Pimsleur Japanese Level 2 MP3,9781508222040_Japanese_2_QZ_0052.mp3,9
53,53,JP,9781442310599,Japanese 2,2,13Q,N,"Mrs. Ito, my friend, Bill.",,,,Pimsleur Japanese Level 2 MP3,9781508222040_Japanese_2_QZ_0053.mp3,"5,7,10,16"
54,54,JP,9781442310599,Japanese 2,2,13R,F,伊藤さん、私の友達、ビルさんです。,"ito san, watashi no tomodachi, Bill san desu.",8,S,Pimsleur Japanese Level 2 MP3,9781508222040_Japanese_2_QZ_0054.mp3,"5,7,10,16"
55,55,JP,9781442310599,Japanese 2,2,14Q,N,"From now, what would you like to do?",,,,Pimsleur Japanese Level 2 MP3,9781508222040_Japanese_2_QZ_0055.mp3,"1,17"
56,56,JP,9781442310599,Japanese 2,2,14R,F,今から何をしますか。,ima kara nani o shimasu ka.,6,Q,Pimsleur Japanese Level 2 MP3,9781508222040_Japanese_2_QZ_0056.mp3,"1,17"
57,57,JP,9781442310599,Japanese 2,2,15Q,N,Tomorrow morning.,,,,Pimsleur Japanese Level 2 MP3,9781508222040_Japanese_2_QZ_0057.mp3,"9,17"
58,58,JP,9781442310599,Japanese 2,2,15R,M,明日の朝。,ashita no asa.,3,S,Pimsleur Japanese Level 2 MP3,9781508222040_Japanese_2_QZ_0058.mp3,"9,17"
59,59,JP,9781442310599,Japanese 2,3,01Q,N,I want to go to China.,,,,Pimsleur Japanese Level 2 MP3,9781508222040_Japanese_2_QZ_0059.mp3,18
60,60,JP,9781442310599,Japanese 2,3,01R,M,中国へ行きたいです。,chuugoku e ikitai desu.,4,S,Pimsleur Japanese Level 2 MP3,9781508222040_Japanese_2_QZ_0060.mp3,18
61,61,JP,9781442310599,Japanese 2,3,02Q,N,Cheers.,,,,Pimsleur Japanese Level 2 MP3,9781508222040_Japanese_2_QZ_0061.mp3,"7,16"
62,62,JP,9781442310599,Japanese 2,3,02R,M,乾杯。,kanpai.,1,S,Pimsleur Japanese Level 2 MP3,9781508222040_Japanese_2_QZ_0062.mp3,"7,16"
63,63,JP,9781442310599,Japanese 2,3,03Q,N,Won't you drink tea?,,,,Pimsleur Japanese Level 2 MP3,9781508222040_Japanese_2_QZ_0063.mp3,6
64,64,JP,9781442310599,Japanese 2,3,03R,F,お茶を飲みませんか。,ocha o nomimasen ka.,4,Q,Pimsleur Japanese Level 2 MP3,9781508222040_Japanese_2_QZ_0064.mp3,6
65,65,JP,9781442310599,Japanese 2,3,04Q,N,"Well, I don't know.",,,,Pimsleur Japanese Level 2 MP3,9781508222040_Japanese_2_QZ_0065.mp3,"7,9"
66,66,JP,9781442310599,Japanese 2,3,04R,M,さあ、わかりません。,"saa, wakarimasen.",2,S,Pimsleur Japanese Level 2 MP3,9781508222040_Japanese_2_QZ_0066.mp3,"7,9"
67,67,JP,9781442310599,Japanese 2,3,05Q,N,I met him yesterday morning.,,,,Pimsleur Japanese Level 2 MP3,9781508222040_Japanese_2_QZ_0067.mp3,"1,9,17"
68,68,JP,9781442310599,Japanese 2,3,05R,M,昨日の朝会いました。,kino no asa aimashita.,4,S,Pimsleur Japanese Level 2 MP3,9781508222040_Japanese_2_QZ_0068.mp3,"1,9,17"
69,69,JP,9781442310599,Japanese 2,3,06Q,N,That's a good idea.,,,,Pimsleur Japanese Level 2 MP3,9781508222040_Japanese_2_QZ_0069.mp3,"7,13,16"
70,70,JP,9781442310599,Japanese 2,3,06R,F,いいですね。,ii desu ne.,3,S,Pimsleur Japanese Level 2 MP3,9781508222040_Japanese_2_QZ_0070.mp3,"7,13,16"
71,71,JP,9781442310599,Japanese 2,3,07Q,N,Or some white wine?,,,,Pimsleur Japanese Level 2 MP3,9781508222040_Japanese_2_QZ_0071.mp3,6
72,72,JP,9781442310599,Japanese 2,3,07R,M,それとも白ワイン？,soretomo shiro wain?,3,Q,Pimsleur Japanese Level 2 MP3,9781508222040_Japanese_2_QZ_0072.mp3,6
73,73,JP,9781442310599,Japanese 2,3,08Q,N,A friend is coming.,,,,Pimsleur Japanese Level 2 MP3,9781508222040_Japanese_2_QZ_0073.mp3,5
74,74,JP,9781442310599,Japanese 2,3,08R,F,友達が来ます。,tomodachi ga kimasu.,3,S,Pimsleur Japanese Level 2 MP3,9781508222040_Japanese_2_QZ_0074.mp3,5
75,75,JP,9781442310599,Japanese 2,3,09Q,N,"A glass of wine, could you please.",,,,Pimsleur Japanese Level 2 MP3,9781508222040_Japanese_2_QZ_0075.mp3,"6,13"
76,76,JP,9781442310599,Japanese 2,3,09R,M,ワインを一杯お願いします。,wain o ippai onegai shimasu.,5,S,Pimsleur Japanese Level 2 MP3,9781508222040_Japanese_2_QZ_0076.mp3,"6,13"
77,77,JP,9781442310599,Japanese 2,3,10Q,N,I always drink red wine.,,,,Pimsleur Japanese Level 2 MP3,9781508222040_Japanese_2_QZ_0077.mp3,"6,9"
78,78,JP,9781442310599,Japanese 2,3,10R,F,いつも赤ワインを飲みます。,itsumo aka wain o nomimasu.,5,S,Pimsleur Japanese Level 2 MP3,9781508222040_Japanese_2_QZ_0078.mp3,"6,9"
79,79,JP,9781442310599,Japanese 2,3,11Q,N,Did you meet Bill James?,,,,Pimsleur Japanese Level 2 MP3,9781508222040_Japanese_2_QZ_0079.mp3,"1,5,9,10"
80,80,JP,9781442310599,Japanese 2,3,11R,F,ビル・ジェームスさんに会いましたか。,bill james san ni aimashita ka.,6,Q,Pimsleur Japanese Level 2 MP3,9781508222040_Japanese_2_QZ_0080.mp3,"1,5,9,10"
81,81,JP,9781442310599,Japanese 2,3,12Q,N,Unfortunately tomorrow morning I'm going to see a friend.,,,,Pimsleur Japanese Level 2 MP3,9781508222040_Japanese_2_QZ_0081.mp3,"5,17"
82,82,JP,9781442310599,Japanese 2,3,12R,M,あいにく明日の朝友達に会います。,ainiku ashita no asa tomodachi ni aimasu.,7,S,Pimsleur Japanese Level 2 MP3,9781508222040_Japanese_2_QZ_0082.mp3,"5,17"
83,83,JP,9781442310599,Japanese 2,3,13Q,N,"The menu, please.",,,,Pimsleur Japanese Level 2 MP3,9781508222040_Japanese_2_QZ_0083.mp3,"13,16"
84,84,JP,9781442310599,Japanese 2,3,13R,M,メニューをお願いします。,menyuu o onegai shimasu.,4,S,Pimsleur Japanese Level 2 MP3,9781508222040_Japanese_2_QZ_0084.mp3,"13,16"
85,85,JP,9781442310599,Japanese 2,3,14Q,N,"As for me, I always have white wine.",,,,Pimsleur Japanese Level 2 MP3,9781508222040_Japanese_2_QZ_0085.mp3,"6,9"
86,86,JP,9781442310599,Japanese 2,3,14R,M,私はいつも白ワインを飲みます。,watashi wa itsumo shiro wain o nomimasu.,7,S,Pimsleur Japanese Level 2 MP3,9781508222040_Japanese_2_QZ_0086.mp3,"6,9"
87,87,JP,9781442310599,Japanese 2,4,01Q,N,Jane comes from America.,,,,Pimsleur Japanese Level 2 MP3,9781508222040_Japanese_2_QZ_0087.mp3,"5,9"
88,88,JP,9781442310599,Japanese 2,4,01R,F,ジェーンさんはアメリカから来ます。,jane san wa amerika kara kimasu.,5,S,Pimsleur Japanese Level 2 MP3,9781508222040_Japanese_2_QZ_0088.mp3,"5,9"
89,89,JP,9781442310599,Japanese 2,4,02Q,N,What's your name?,,,,Pimsleur Japanese Level 2 MP3,9781508222040_Japanese_2_QZ_0089.mp3,"7,16"
90,90,JP,9781442310599,Japanese 2,4,02R,F,お名前は？,onamae wa?,2,Q,Pimsleur Japanese Level 2 MP3,9781508222040_Japanese_2_QZ_0090.mp3,"7,16"
91,91,JP,9781442310599,Japanese 2,4,03Q,N,Did you also meet Mr. Suzuki's friend?,,,,Pimsleur Japanese Level 2 MP3,9781508222040_Japanese_2_QZ_0091.mp3,"5,9"
92,92,JP,9781442310599,Japanese 2,4,03R,M,あなたも鈴木さんの友だちに会いましたか.,anata mo suzuki san no tomodachi ni aimashita ka.,9,Q,Pimsleur Japanese Level 2 MP3,9781508222040_Japanese_2_QZ_0092.mp3,"5,9"
93,93,JP,9781442310599,Japanese 2,4,04Q,N,Sometimes I drink beer.,,,,Pimsleur Japanese Level 2 MP3,9781508222040_Japanese_2_QZ_0093.mp3,"6,9"
94,94,JP,9781442310599,Japanese 2,4,04R,F,時々ビールを飲みます。,tokidoki biiru o nomimasu.,4,S,Pimsleur Japanese Level 2 MP3,9781508222040_Japanese_2_QZ_0094.mp3,"6,9"
95,95,JP,9781442310599,Japanese 2,4,05Q,N,Is his wife coming also?,,,,Pimsleur Japanese Level 2 MP3,9781508222040_Japanese_2_QZ_0095.mp3,"5,9"
96,96,JP,9781442310599,Japanese 2,4,05R,M,奥さんも来ますか。,okusan mo kimasu ka.,4,Q,Pimsleur Japanese Level 2 MP3,9781508222040_Japanese_2_QZ_0096.mp3,"5,9"
97,97,JP,9781442310599,Japanese 2,4,06Q,N,As for his wife she's not coming.,,,,Pimsleur Japanese Level 2 MP3,9781508222040_Japanese_2_QZ_0097.mp3,"5,9"
98,98,JP,9781442310599,Japanese 2,4,06R,F,奥さんは来ません。,okusan wa kimasen.,3,S,Pimsleur Japanese Level 2 MP3,9781508222040_Japanese_2_QZ_0098.mp3,"5,9"
99,99,JP,9781442310599,Japanese 2,4,07Q,N,She has been living in Chicago since three years ago.,,,,Pimsleur Japanese Level 2 MP3,9781508222040_Japanese_2_QZ_0099.mp3,"9,12,17"
100,100,JP,9781442310599,Japanese 2,4,07R,F,シカゴに三年前から住んでいます。,shikago ni san nen mae kara sunde imasu.,8,S,Pimsleur Japanese Level 2 MP3,9781508222040_Japanese_2_QZ_0100.mp3,"9,12,17"
101,101,JP,9781442310599,Japanese 2,4,08Q,N,How long?,,,,Pimsleur Japanese Level 2 MP3,9781508222040_Japanese_2_QZ_0101.mp3,"9,17"
102,102,JP,9781442310599,Japanese 2,4,08R,M,どのぐらい？,donogurai?,1,Q,Pimsleur Japanese Level 2 MP3,9781508222040_Japanese_2_QZ_0102.mp3,"9,17"
103,103,JP,9781442310599,Japanese 2,4,09Q,N,I came from America.,,,,Pimsleur Japanese Level 2 MP3,9781508222040_Japanese_2_QZ_0103.mp3,"7,9"
104,104,JP,9781442310599,Japanese 2,4,09R,M,アメリカから来ました。,amerika kara kimashita.,3,S,Pimsleur Japanese Level 2 MP3,9781508222040_Japanese_2_QZ_0104.mp3,"7,9"
105,105,JP,9781442310599,Japanese 2,4,10Q,N,"That's short, isn't it.",,,,Pimsleur Japanese Level 2 MP3,9781508222040_Japanese_2_QZ_0105.mp3,17
106,106,JP,9781442310599,Japanese 2,4,10R,F,短いですね。,mijikai desu ne.,3,S,Pimsleur Japanese Level 2 MP3,9781508222040_Japanese_2_QZ_0106.mp3,17
107,107,JP,9781442310599,Japanese 2,4,11Q,N,That's long.,,,,Pimsleur Japanese Level 2 MP3,9781508222040_Japanese_2_QZ_0107.mp3,17
108,108,JP,9781442310599,Japanese 2,4,11R,M,長いです。,nagai desu.,2,S,Pimsleur Japanese Level 2 MP3,9781508222040_Japanese_2_QZ_0108.mp3,17
109,109,JP,9781442310599,Japanese 2,4,12Q,N,How about coffee?,,,,Pimsleur Japanese Level 2 MP3,9781508222040_Japanese_2_QZ_0109.mp3,"6,7"
110,110,JP,9781442310599,Japanese 2,4,12R,F,コーヒーはどうですか。,koohii wa doo desu ka.,5,Q,Pimsleur Japanese Level 2 MP3,9781508222040_Japanese_2_QZ_0110.mp3,"6,7"
111,111,JP,9781442310599,Japanese 2,5,01Q,N,We'll go on foot.,,,,Pimsleur Japanese Level 2 MP3,9781508222040_Japanese_2_QZ_0111.mp3,"1,9"
112,112,JP,9781442310599,Japanese 2,5,01R,M,歩いて行きます。,aruite ikimasu.,2,S,Pimsleur Japanese Level 2 MP3,9781508222040_Japanese_2_QZ_0112.mp3,"1,9"
113,113,JP,9781442310599,Japanese 2,5,02Q,N,We can't go on foot.,,,,Pimsleur Japanese Level 2 MP3,9781508222040_Japanese_2_QZ_0113.mp3,1
114,114,JP,9781442310599,Japanese 2,5,02R,F,歩いて行けません。,aruite ikemasen.,2,S,Pimsleur Japanese Level 2 MP3,9781508222040_Japanese_2_QZ_0114.mp3,1
115,115,JP,9781442310599,Japanese 2,5,03Q,N,Let's go on foot.,,,,Pimsleur Japanese Level 2 MP3,9781508222040_Japanese_2_QZ_0115.mp3,1
116,116,JP,9781442310599,Japanese 2,5,03R,M,歩いて行きましょう。,aruite ikimashoo.,3,S,Pimsleur Japanese Level 2 MP3,9781508222040_Japanese_2_QZ_0116.mp3,1
117,117,JP,9781442310599,Japanese 2,5,04Q,N,Another colleague is coming.,,,,Pimsleur Japanese Level 2 MP3,9781508222040_Japanese_2_QZ_0117.mp3,"1,9"
118,118,JP,9781442310599,Japanese 2,5,04R,F,会社の人がもう一人来ます。,kaisha no hito ga moo hitori kimasu.,7,S,Pimsleur Japanese Level 2 MP3,9781508222040_Japanese_2_QZ_0118.mp3,"1,9"
119,119,JP,9781442310599,Japanese 2,5,05Q,N,The car is fast.,,,,Pimsleur Japanese Level 2 MP3,9781508222040_Japanese_2_QZ_0119.mp3,"9,18"
120,120,JP,9781442310599,Japanese 2,5,05R,F,車は速いです。,kuruma wa hayai desu.,4,S,Pimsleur Japanese Level 2 MP3,9781508222040_Japanese_2_QZ_0120.mp3,"9,18"
121,121,JP,9781442310599,Japanese 2,5,06Q,N,"Say it again, please.",,,,Pimsleur Japanese Level 2 MP3,9781508222040_Japanese_2_QZ_0121.mp3,"7,13,16"
122,122,JP,9781442310599,Japanese 2,5,06R,M,もう一度言って下さい。,mo ichido itte kudasai.,4,S,Pimsleur Japanese Level 2 MP3,9781508222040_Japanese_2_QZ_0122.mp3,"7,13,16"
123,123,JP,9781442310599,Japanese 2,5,07Q,N,Let's go by taxi.,,,,Pimsleur Japanese Level 2 MP3,9781508222040_Japanese_2_QZ_0123.mp3,"1,18"
124,124,JP,9781442310599,Japanese 2,5,07R,F,タクシーで行きましょう。,takushii de ikimashoo.,3,S,Pimsleur Japanese Level 2 MP3,9781508222040_Japanese_2_QZ_0124.mp3,"1,18"
125,125,JP,9781442310599,Japanese 2,5,08Q,N,Shall we go by taxi?,,,,Pimsleur Japanese Level 2 MP3,9781508222040_Japanese_2_QZ_0125.mp3,"1,18"
126,126,JP,9781442310599,Japanese 2,5,08R,F,タクシーで行きましょうか。,takushii de ikimashoo ka.,4,Q,Pimsleur Japanese Level 2 MP3,9781508222040_Japanese_2_QZ_0126.mp3,"1,18"
127,127,JP,9781442310599,Japanese 2,5,09Q,N,Taxis don't come often.,,,,Pimsleur Japanese Level 2 MP3,9781508222040_Japanese_2_QZ_0127.mp3,"9,18"
128,128,JP,9781442310599,Japanese 2,5,09R,F,タクシーはあまり来ません。,takushii wa amari kimasen.,4,S,Pimsleur Japanese Level 2 MP3,9781508222040_Japanese_2_QZ_0128.mp3,"9,18"
129,129,JP,9781442310599,Japanese 2,5,10Q,N,"At home, there's a car.",,,,Pimsleur Japanese Level 2 MP3,9781508222040_Japanese_2_QZ_0129.mp3,"9,18"
130,130,JP,9781442310599,Japanese 2,5,10R,F,家に車があります。,uchi ni kuruma ga arimasu.,5,S,Pimsleur Japanese Level 2 MP3,9781508222040_Japanese_2_QZ_0130.mp3,"9,18"
131,131,JP,9781442310599,Japanese 2,5,11Q,N,They are both Americans.,,,,Pimsleur Japanese Level 2 MP3,9781508222040_Japanese_2_QZ_0131.mp3,9
132,132,JP,9781442310599,Japanese 2,5,11R,F,二人ともアメリカ人です。,futari tomo amerikajin desu.,4,S,Pimsleur Japanese Level 2 MP3,9781508222040_Japanese_2_QZ_0132.mp3,9
133,133,JP,9781442310599,Japanese 2,5,12Q,N,Can we go to the restaurant tonight?,,,,Pimsleur Japanese Level 2 MP3,9781508222040_Japanese_2_QZ_0133.mp3,1
134,134,JP,9781442310599,Japanese 2,5,12R,F,今晩レストランへ行けますか。,konban resutoran e ikemasu ka.,5,Q,Pimsleur Japanese Level 2 MP3,9781508222040_Japanese_2_QZ_0134.mp3,1
135,135,JP,9781442310599,Japanese 2,6,01Q,N,She comes from Canada.,,,,Pimsleur Japanese Level 2 MP3,9781508222040_Japanese_2_QZ_0135.mp3,"9,18"
136,136,JP,9781442310599,Japanese 2,6,01R,M,カナダから来ます。,kanada kara kimasu.,3,S,Pimsleur Japanese Level 2 MP3,9781508222040_Japanese_2_QZ_0136.mp3,"9,18"
137,137,JP,9781442310599,Japanese 2,6,02Q,N,Who is that person over there?,,,,Pimsleur Japanese Level 2 MP3,9781508222040_Japanese_2_QZ_0137.mp3,9
138,138,JP,9781442310599,Japanese 2,6,02R,M,あの人はだれですか。,ano hito wa dare desu ka.,6,Q,Pimsleur Japanese Level 2 MP3,9781508222040_Japanese_2_QZ_0138.mp3,9
139,139,JP,9781442310599,Japanese 2,6,03Q,N,For whom?,,,,Pimsleur Japanese Level 2 MP3,9781508222040_Japanese_2_QZ_0139.mp3,"7,9,16"
140,140,JP,9781442310599,Japanese 2,6,03R,M,だれに？,dare ni?,2,Q,Pimsleur Japanese Level 2 MP3,9781508222040_Japanese_2_QZ_0140.mp3,"7,9,16"
141,141,JP,9781442310599,Japanese 2,6,04Q,N,Until what time?,,,,Pimsleur Japanese Level 2 MP3,9781508222040_Japanese_2_QZ_0141.mp3,"9,17"
142,142,JP,9781442310599,Japanese 2,6,04R,M,何時まで?,nan ji made?,3,Q,Pimsleur Japanese Level 2 MP3,9781508222040_Japanese_2_QZ_0142.mp3,"9,17"
143,143,JP,9781442310599,Japanese 2,6,05Q,N,Are the shops open?,,,,Pimsleur Japanese Level 2 MP3,9781508222040_Japanese_2_QZ_0143.mp3,"9,14"
144,144,JP,9781442310599,Japanese 2,6,05R,M,お店はあいていますか。,omise wa aite imasu ka.,5,Q,Pimsleur Japanese Level 2 MP3,9781508222040_Japanese_2_QZ_0144.mp3,"9,14"
145,145,JP,9781442310599,Japanese 2,6,06Q,N,Of course a taxi is fast.,,,,Pimsleur Japanese Level 2 MP3,9781508222040_Japanese_2_QZ_0145.mp3,"9,18"
146,146,JP,9781442310599,Japanese 2,6,06R,M,勿論タクシーは速いです。,mochiron takushii wa hayai desu.,5,S,Pimsleur Japanese Level 2 MP3,9781508222040_Japanese_2_QZ_0146.mp3,"9,18"
147,147,JP,9781442310599,Japanese 2,6,07Q,N,That white car over there is Ms. Johnson's car.,,,,Pimsleur Japanese Level 2 MP3,9781508222040_Japanese_2_QZ_0147.mp3,"4,18"
148,148,JP,9781442310599,Japanese 2,6,07R,F,あの白い車はジョンソンさんの車です。,ano shiroi kuruma wa johnson san no kuruma desu.,9,S,Pimsleur Japanese Level 2 MP3,9781508222040_Japanese_2_QZ_0148.mp3,"4,18"
149,149,JP,9781442310599,Japanese 2,6,08Q,N,The bus stop is over there.,,,,Pimsleur Japanese Level 2 MP3,9781508222040_Japanese_2_QZ_0149.mp3,"4,18"
150,150,JP,9781442310599,Japanese 2,6,08R,F,バス停はあそこです。,basu tei wa asoko desu.,5,S,Pimsleur Japanese Level 2 MP3,9781508222040_Japanese_2_QZ_0150.mp3,"4,18"
151,151,JP,9781442310599,Japanese 2,6,09Q,N,I'm going to buy a red T-shirt.,,,,Pimsleur Japanese Level 2 MP3,9781508222040_Japanese_2_QZ_0151.mp3,"1,14"
152,152,JP,9781442310599,Japanese 2,6,09R,F,赤いティシャツを買います。,akai tee shatsu o kaimasu.,5,S,Pimsleur Japanese Level 2 MP3,9781508222040_Japanese_2_QZ_0152.mp3,"1,14"
153,153,JP,9781442310599,Japanese 2,6,10Q,N,I don't have time after that.,,,,Pimsleur Japanese Level 2 MP3,9781508222040_Japanese_2_QZ_0153.mp3,"9,17"
154,154,JP,9781442310599,Japanese 2,6,10R,F,そのあと時間がありません。,sono ato jikan ga arimasen.,5,S,Pimsleur Japanese Level 2 MP3,9781508222040_Japanese_2_QZ_0154.mp3,"9,17"
155,155,JP,9781442310599,Japanese 2,6,11Q,N,"As for before that, he lived in America.",,,,Pimsleur Japanese Level 2 MP3,9781508222040_Japanese_2_QZ_0155.mp3,"9,17"
156,156,JP,9781442310599,Japanese 2,6,11R,F,その前はアメリカに住んでいました。,sono mae wa america ni sunde imashita.,7,S,Pimsleur Japanese Level 2 MP3,9781508222040_Japanese_2_QZ_0156.mp3,"9,17"
157,157,JP,9781442310599,Japanese 2,6,12Q,N,Jane is Canadian.,,,,Pimsleur Japanese Level 2 MP3,9781508222040_Japanese_2_QZ_0157.mp3,"7,9"
158,158,JP,9781442310599,Japanese 2,6,12R,M,ジェーンさんはカナダ人です。,jane san wa kanadajin desu.,5,S,Pimsleur Japanese Level 2 MP3,9781508222040_Japanese_2_QZ_0158.mp3,"7,9"
159,159,JP,9781442310599,Japanese 2,6,13Q,N,"For a long time, he had the Japanese car.",,,,Pimsleur Japanese Level 2 MP3,9781508222040_Japanese_2_QZ_0159.mp3,"17,18"
160,160,JP,9781442310599,Japanese 2,6,13R,F,長い間日本の車を持っていました。,nagai aida nihon no kuruma o motte imashita.,8,S,Pimsleur Japanese Level 2 MP3,9781508222040_Japanese_2_QZ_0160.mp3,"17,18"
161,161,JP,9781442310599,Japanese 2,7,01Q,N,From whom?,,,,Pimsleur Japanese Level 2 MP3,9781508222040_Japanese_2_QZ_0161.mp3,"7,9,16"
162,162,JP,9781442310599,Japanese 2,7,01R,M,だれから？,dare kara?,2,Q,Pimsleur Japanese Level 2 MP3,9781508222040_Japanese_2_QZ_0162.mp3,"7,9,16"
163,163,JP,9781442310599,Japanese 2,7,02Q,N,He's arriving at ten to five.,,,,Pimsleur Japanese Level 2 MP3,9781508222040_Japanese_2_QZ_0163.mp3,"12,18"
164,164,JP,9781442310599,Japanese 2,7,02R,M,五時十分前に着きます。,go ji juppun mae ni tsukimasu.,6,S,Pimsleur Japanese Level 2 MP3,9781508222040_Japanese_2_QZ_0164.mp3,"12,18"
165,165,JP,9781442310599,Japanese 2,7,03Q,N,How are you going to Shinjuku?,,,,Pimsleur Japanese Level 2 MP3,9781508222040_Japanese_2_QZ_0165.mp3,"9,18"
166,166,JP,9781442310599,Japanese 2,7,03R,F,何で新宿へ行きますか。,nan de shinjuku e ikimasu ka.,6,Q,Pimsleur Japanese Level 2 MP3,9781508222040_Japanese_2_QZ_0166.mp3,"9,18"
167,167,JP,9781442310599,Japanese 2,7,04Q,N,I have to work.,,,,Pimsleur Japanese Level 2 MP3,9781508222040_Japanese_2_QZ_0167.mp3,"9,20"
168,168,JP,9781442310599,Japanese 2,7,04R,F,仕事があります。,shigoto ga arimasu.,3,S,Pimsleur Japanese Level 2 MP3,9781508222040_Japanese_2_QZ_0168.mp3,"9,20"
169,169,JP,9781442310599,Japanese 2,7,05Q,N,I'll have a meal.,,,,Pimsleur Japanese Level 2 MP3,9781508222040_Japanese_2_QZ_0169.mp3,6
170,170,JP,9781442310599,Japanese 2,7,05R,F,食事をします。,shokuji o shimasu.,3,S,Pimsleur Japanese Level 2 MP3,9781508222040_Japanese_2_QZ_0170.mp3,6
171,171,JP,9781442310599,Japanese 2,7,06Q,N,Here's a letter.,,,,Pimsleur Japanese Level 2 MP3,9781508222040_Japanese_2_QZ_0171.mp3,"3,7"
172,172,JP,9781442310599,Japanese 2,7,06R,F,手紙です。,tegami desu.,2,S,Pimsleur Japanese Level 2 MP3,9781508222040_Japanese_2_QZ_0172.mp3,"3,7"
173,173,JP,9781442310599,Japanese 2,7,07Q,N,The letter is from whom?,,,,Pimsleur Japanese Level 2 MP3,9781508222040_Japanese_2_QZ_0173.mp3,"3,9"
174,174,JP,9781442310599,Japanese 2,7,07R,M,手紙は誰からですか。,tegami wa dare kara desu ka.,6,Q,Pimsleur Japanese Level 2 MP3,9781508222040_Japanese_2_QZ_0174.mp3,"3,9"
175,175,JP,9781442310599,Japanese 2,7,08Q,N,Are you staying home?,,,,Pimsleur Japanese Level 2 MP3,9781508222040_Japanese_2_QZ_0175.mp3,"1,18"
176,176,JP,9781442310599,Japanese 2,7,08R,F,家にいますか。,uchi ni imasu ka.,4,Q,Pimsleur Japanese Level 2 MP3,9781508222040_Japanese_2_QZ_0176.mp3,"1,18"
177,177,JP,9781442310599,Japanese 2,7,09Q,N,Won't you have a meal with us?,,,,Pimsleur Japanese Level 2 MP3,9781508222040_Japanese_2_QZ_0177.mp3,"6,13"
178,178,JP,9781442310599,Japanese 2,7,09R,M,私たちと食事をしませんか。,watashitachi to shokuji o shimasen ka.,6,Q,Pimsleur Japanese Level 2 MP3,9781508222040_Japanese_2_QZ_0178.mp3,"6,13"
179,179,JP,9781442310599,Japanese 2,7,10Q,N,When do you arrive?,,,,Pimsleur Japanese Level 2 MP3,9781508222040_Japanese_2_QZ_0179.mp3,"9,18"
180,180,JP,9781442310599,Japanese 2,7,10R,F,いつ着きますか。,itsu tsukimasu ka.,3,Q,Pimsleur Japanese Level 2 MP3,9781508222040_Japanese_2_QZ_0180.mp3,"9,18"
181,181,JP,9781442310599,Japanese 2,8,01Q,N,"For you also, Mr. Yamada.",,,,Pimsleur Japanese Level 2 MP3,9781508222040_Japanese_2_QZ_0181.mp3,7
182,182,JP,9781442310599,Japanese 2,8,01R,F,山田さんにも。,yamada san ni mo.,4,S,Pimsleur Japanese Level 2 MP3,9781508222040_Japanese_2_QZ_0182.mp3,7
183,183,JP,9781442310599,Japanese 2,8,02Q,N,Let’s go for a drink.,,,,Pimsleur Japanese Level 2 MP3,9781508222040_Japanese_2_QZ_0183.mp3,"6,7"
184,184,JP,9781442310599,Japanese 2,8,02R,M,飲みに行きましょう。,nomi ni ikimashoo.,3,S,Pimsleur Japanese Level 2 MP3,9781508222040_Japanese_2_QZ_0184.mp3,"6,7"
185,185,JP,9781442310599,Japanese 2,8,03Q,N,If it is all right with you.,,,,Pimsleur Japanese Level 2 MP3,9781508222040_Japanese_2_QZ_0185.mp3,"7,13"
186,186,JP,9781442310599,Japanese 2,8,03R,M,もしよければ。,moshi yokereba.,2,S,Pimsleur Japanese Level 2 MP3,9781508222040_Japanese_2_QZ_0186.mp3,"7,13"
187,187,JP,9781442310599,Japanese 2,8,04Q,N,Let’s have a meal.,,,,Pimsleur Japanese Level 2 MP3,9781508222040_Japanese_2_QZ_0187.mp3,"6,7"
188,188,JP,9781442310599,Japanese 2,8,04R,M,食事をしましょう。,shokuji o shimashoo.,3,S,Pimsleur Japanese Level 2 MP3,9781508222040_Japanese_2_QZ_0188.mp3,"6,7"
189,189,JP,9781442310599,Japanese 2,8,05Q,N,Let's eat later.,,,,Pimsleur Japanese Level 2 MP3,9781508222040_Japanese_2_QZ_0189.mp3,"6,17"
190,190,JP,9781442310599,Japanese 2,8,05R,M,あとで食べましょう。,atode tabemashoo.,2,S,Pimsleur Japanese Level 2 MP3,9781508222040_Japanese_2_QZ_0190.mp3,"6,17"
191,191,JP,9781442310599,Japanese 2,8,06Q,N,I don't want to go.,,,,Pimsleur Japanese Level 2 MP3,9781508222040_Japanese_2_QZ_0191.mp3,"7,16"
192,192,JP,9781442310599,Japanese 2,8,06R,M,行きたくありません。,ikitaku arimasen.,2,S,Pimsleur Japanese Level 2 MP3,9781508222040_Japanese_2_QZ_0192.mp3,"7,16"
193,193,JP,9781442310599,Japanese 2,8,07Q,N,I would also like to go to Shinjuku.,,,,Pimsleur Japanese Level 2 MP3,9781508222040_Japanese_2_QZ_0193.mp3,"1,18"
194,194,JP,9781442310599,Japanese 2,8,07R,M,私も新宿へ行きたいんですが。,watashi mo shinjuku e ikitai n desu ga.,8,S,Pimsleur Japanese Level 2 MP3,9781508222040_Japanese_2_QZ_0194.mp3,"1,18"
195,195,JP,9781442310599,Japanese 2,8,08Q,N,About one o'clock.,,,,Pimsleur Japanese Level 2 MP3,9781508222040_Japanese_2_QZ_0195.mp3,"12,17"
196,196,JP,9781442310599,Japanese 2,8,08R,M,一時ごろ。,ichi ji goro.,3,S,Pimsleur Japanese Level 2 MP3,9781508222040_Japanese_2_QZ_0196.mp3,"12,17"
197,197,JP,9781442310599,Japanese 2,8,09Q,N,He is staying until Monday or Tuesday.,,,,Pimsleur Japanese Level 2 MP3,9781508222040_Japanese_2_QZ_0197.mp3,"9,17,18"
198,198,JP,9781442310599,Japanese 2,8,09R,M,月曜日か火曜日までいます。,getsu yoobi ka ka yoobi made imasu.,7,S,Pimsleur Japanese Level 2 MP3,9781508222040_Japanese_2_QZ_0198.mp3,"9,17,18"
199,199,JP,9781442310599,Japanese 2,8,10Q,N,Does Mr. Snyder like traveling?,,,,Pimsleur Japanese Level 2 MP3,9781508222040_Japanese_2_QZ_0199.mp3,"9,18"
200,200,JP,9781442310599,Japanese 2,8,10R,F,スナイダーさんは旅行が好きですか。,snider san wa ryokoo ga suki desu ka.,8,Q,Pimsleur Japanese Level 2 MP3,9781508222040_Japanese_2_QZ_0200.mp3,"9,18"
201,201,JP,9781442310599,Japanese 2,8,11Q,N,Won't you go to a movie?,,,,Pimsleur Japanese Level 2 MP3,9781508222040_Japanese_2_QZ_0201.mp3,"1,7"
202,202,JP,9781442310599,Japanese 2,8,11R,F,映画に行きませんか。,eiga ni ikimasen ka.,4,Q,Pimsleur Japanese Level 2 MP3,9781508222040_Japanese_2_QZ_0202.mp3,"1,7"
203,203,JP,9781442310599,Japanese 2,8,12Q,N,"As for by bus, I don't want to go.",,,,Pimsleur Japanese Level 2 MP3,9781508222040_Japanese_2_QZ_0203.mp3,18
204,204,JP,9781442310599,Japanese 2,8,12R,F,バスでは行きたくありません。,basu de wa ikitaku arimasen.,5,S,Pimsleur Japanese Level 2 MP3,9781508222040_Japanese_2_QZ_0204.mp3,18
205,205,JP,9781442310599,Japanese 2,8,13Q,N,I also like traveling.,,,,Pimsleur Japanese Level 2 MP3,9781508222040_Japanese_2_QZ_0205.mp3,"1,18"
206,206,JP,9781442310599,Japanese 2,8,13R,F,私も旅行が好きです。,watashi mo ryokoo ga suki desu.,6,S,Pimsleur Japanese Level 2 MP3,9781508222040_Japanese_2_QZ_0206.mp3,"1,18"
207,207,JP,9781442310599,Japanese 2,9,01Q,N,I don't travel much.,,,,Pimsleur Japanese Level 2 MP3,9781508222040_Japanese_2_QZ_0207.mp3,"1,18"
208,208,JP,9781442310599,Japanese 2,9,01R,F,あまり旅行しません。,amari ryokoo shimasen.,3,S,Pimsleur Japanese Level 2 MP3,9781508222040_Japanese_2_QZ_0208.mp3,"1,18"
209,209,JP,9781442310599,Japanese 2,9,02Q,N,There is a good concert on Saturday.,,,,Pimsleur Japanese Level 2 MP3,9781508222040_Japanese_2_QZ_0209.mp3,"1,17"
210,210,JP,9781442310599,Japanese 2,9,02R,M,土曜日にいいコンサートがあります。,do yoobi ni ii konsaato ga arimasu.,7,S,Pimsleur Japanese Level 2 MP3,9781508222040_Japanese_2_QZ_0210.mp3,"1,17"
211,211,JP,9781442310599,Japanese 2,9,03Q,N,I'll go to a concert.,,,,Pimsleur Japanese Level 2 MP3,9781508222040_Japanese_2_QZ_0211.mp3,"1,9"
212,212,JP,9781442310599,Japanese 2,9,03R,M,コンサートに行きます。,konsaato ni ikimasu.,3,S,Pimsleur Japanese Level 2 MP3,9781508222040_Japanese_2_QZ_0212.mp3,"1,9"
213,213,JP,9781442310599,Japanese 2,9,04Q,N,Do you like the work?,,,,Pimsleur Japanese Level 2 MP3,9781508222040_Japanese_2_QZ_0213.mp3,"9,20"
214,214,JP,9781442310599,Japanese 2,9,04R,F,仕事が好きですか。,shigoto ga suki desu ka.,5,Q,Pimsleur Japanese Level 2 MP3,9781508222040_Japanese_2_QZ_0214.mp3,"9,20"
215,215,JP,9781442310599,Japanese 2,9,05Q,N,What time does it begin?,,,,Pimsleur Japanese Level 2 MP3,9781508222040_Japanese_2_QZ_0215.mp3,"1,7,17"
216,216,JP,9781442310599,Japanese 2,9,05R,F,何時に始まりますか。,nan ji ni hajimarimasu ka.,5,Q,Pimsleur Japanese Level 2 MP3,9781508222040_Japanese_2_QZ_0216.mp3,"1,7,17"
217,217,JP,9781442310599,Japanese 2,9,06Q,N,I often travel.,,,,Pimsleur Japanese Level 2 MP3,9781508222040_Japanese_2_QZ_0217.mp3,"9,18"
218,218,JP,9781442310599,Japanese 2,9,06R,M,よく旅行します。,yoku ryokoo shimasu.,3,S,Pimsleur Japanese Level 2 MP3,9781508222040_Japanese_2_QZ_0218.mp3,"9,18"
219,219,JP,9781442310599,Japanese 2,9,07Q,N,Do you often make a business trip?,,,,Pimsleur Japanese Level 2 MP3,9781508222040_Japanese_2_QZ_0219.mp3,"9,18,20"
220,220,JP,9781442310599,Japanese 2,9,07R,M,よく出張しますか。,yoku shucchoo shimasu ka.,4,Q,Pimsleur Japanese Level 2 MP3,9781508222040_Japanese_2_QZ_0220.mp3,"9,18,20"
221,221,JP,9781442310599,Japanese 2,9,08Q,N,Let's drink.,,,,Pimsleur Japanese Level 2 MP3,9781508222040_Japanese_2_QZ_0221.mp3,"6,7"
222,222,JP,9781442310599,Japanese 2,9,08R,M,飲みましょう。,nomimashoo.,1,S,Pimsleur Japanese Level 2 MP3,9781508222040_Japanese_2_QZ_0222.mp3,"6,7"
223,223,JP,9781442310599,Japanese 2,9,09Q,N,How about a meal?,,,,Pimsleur Japanese Level 2 MP3,9781508222040_Japanese_2_QZ_0223.mp3,"6,7"
224,224,JP,9781442310599,Japanese 2,9,09R,M,食事はどうですか。,shokuji wa doo desu ka.,5,Q,Pimsleur Japanese Level 2 MP3,9781508222040_Japanese_2_QZ_0224.mp3,"6,7"
225,225,JP,9781442310599,Japanese 2,9,10Q,N,It begins at eight P.M.,,,,Pimsleur Japanese Level 2 MP3,9781508222040_Japanese_2_QZ_0225.mp3,"9,12,17"
226,226,JP,9781442310599,Japanese 2,9,10R,F,午後八時に始まります。,gogo hachi ji ni hajimarimasu.,5,S,Pimsleur Japanese Level 2 MP3,9781508222040_Japanese_2_QZ_0226.mp3,"9,12,17"
227,227,JP,9781442310599,Japanese 2,9,11Q,N,"Before the movie, let's eat.",,,,Pimsleur Japanese Level 2 MP3,9781508222040_Japanese_2_QZ_0227.mp3,"1,6"
228,228,JP,9781442310599,Japanese 2,9,11R,F,映画の前、食べましょう。,"eiga no mae, tabemashoo.",4,S,Pimsleur Japanese Level 2 MP3,9781508222040_Japanese_2_QZ_0228.mp3,"1,6"
229,229,JP,9781442310599,Japanese 2,9,12Q,N,Let's go for a drink after the movie.,,,,Pimsleur Japanese Level 2 MP3,9781508222040_Japanese_2_QZ_0229.mp3,6
230,230,JP,9781442310599,Japanese 2,9,12R,M,映画のあと飲みに行きましょう。,eiga no ato nomi ni ikimashoo.,6,S,Pimsleur Japanese Level 2 MP3,9781508222040_Japanese_2_QZ_0230.mp3,6
231,231,JP,9781442310599,Japanese 2,10,01Q,N,I always drink it black.,,,,Pimsleur Japanese Level 2 MP3,9781508222040_Japanese_2_QZ_0231.mp3,"6,9"
232,232,JP,9781442310599,Japanese 2,10,01R,F,いつもブラックで飲みます。,itsumo burakku de nomimasu.,4,S,Pimsleur Japanese Level 2 MP3,9781508222040_Japanese_2_QZ_0232.mp3,"6,9"
233,233,JP,9781442310599,Japanese 2,10,02Q,N,How long are you going to stay in Tokyo? (polite),,,,Pimsleur Japanese Level 2 MP3,9781508222040_Japanese_2_QZ_0233.mp3,"9,18"
234,234,JP,9781442310599,Japanese 2,10,02R,F,どのぐらい東京にいらっしゃいますか。,donogurai tokyo ni irasshaimasu ka.,5,Q,Pimsleur Japanese Level 2 MP3,9781508222040_Japanese_2_QZ_0234.mp3,"9,18"
235,235,JP,9781442310599,Japanese 2,10,03Q,N,I don't need sugar.,,,,Pimsleur Japanese Level 2 MP3,9781508222040_Japanese_2_QZ_0235.mp3,"6,9"
236,236,JP,9781442310599,Japanese 2,10,03R,M,お砂糖は要りません。,osatoo wa irimasen.,3,S,Pimsleur Japanese Level 2 MP3,9781508222040_Japanese_2_QZ_0236.mp3,"6,9"
237,237,JP,9781442310599,Japanese 2,10,04Q,N,I don't need milk either.,,,,Pimsleur Japanese Level 2 MP3,9781508222040_Japanese_2_QZ_0237.mp3,"6,9"
238,238,JP,9781442310599,Japanese 2,10,04R,M,ミルクも要りません。,miruku mo irimasen.,3,S,Pimsleur Japanese Level 2 MP3,9781508222040_Japanese_2_QZ_0238.mp3,"6,9"
239,239,JP,9781442310599,Japanese 2,10,05Q,N,"In Taiwan, he has been working for three years.",,,,Pimsleur Japanese Level 2 MP3,9781508222040_Japanese_2_QZ_0239.mp3,"9,12,20"
240,240,JP,9781442310599,Japanese 2,10,05R,F,台湾で三年働いています。,taiwan de san nen hataraite imasu.,6,S,Pimsleur Japanese Level 2 MP3,9781508222040_Japanese_2_QZ_0240.mp3,"9,12,20"
241,241,JP,9781442310599,Japanese 2,10,06Q,N,Where do you live? (polite),,,,Pimsleur Japanese Level 2 MP3,9781508222040_Japanese_2_QZ_0241.mp3,"9,13"
242,242,JP,9781442310599,Japanese 2,10,06R,M,どこに住んでいらっしゃいますか。,doko ni sunde irasshaimasu ka.,5,Q,Pimsleur Japanese Level 2 MP3,9781508222040_Japanese_2_QZ_0242.mp3,"9,13"
243,243,JP,9781442310599,Japanese 2,10,07Q,N,"After this, I'm going on a business trip to Osaka.",,,,Pimsleur Japanese Level 2 MP3,9781508222040_Japanese_2_QZ_0243.mp3,"18,20"
244,244,JP,9781442310599,Japanese 2,10,07R,M,このあと大阪へ出張します。,kono ato osaka e shucchoo shimasu.,6,S,Pimsleur Japanese Level 2 MP3,9781508222040_Japanese_2_QZ_0244.mp3,"18,20"
245,245,JP,9781442310599,Japanese 2,10,08Q,N,Do you drink it black?,,,,Pimsleur Japanese Level 2 MP3,9781508222040_Japanese_2_QZ_0245.mp3,"6,9"
246,246,JP,9781442310599,Japanese 2,10,08R,M,ブラックで飲みますか。,burakku de nomimasu ka.,4,Q,Pimsleur Japanese Level 2 MP3,9781508222040_Japanese_2_QZ_0246.mp3,"6,9"
247,247,JP,9781442310599,Japanese 2,11,01Q,N,"Tomorrow morning, I'm leaving early.",,,,Pimsleur Japanese Level 2 MP3,9781508222040_Japanese_2_QZ_0247.mp3,"9,17,18"
248,248,JP,9781442310599,Japanese 2,11,01R,M,明日の朝、早く出ます。,"ashita no asa, hayaku demasu.",5,S,Pimsleur Japanese Level 2 MP3,9781508222040_Japanese_2_QZ_0248.mp3,"9,17,18"
249,249,JP,9781442310599,Japanese 2,11,02Q,N,"Your husband is working in Taiwan, right? (polite)",,,,Pimsleur Japanese Level 2 MP3,9781508222040_Japanese_2_QZ_0249.mp3,"5,20"
250,250,JP,9781442310599,Japanese 2,11,02R,M,御主人は台湾で働いていらっしゃいますね。,goshujin wa taiwan de hataraite irasshaimasu ne?,7,Q,Pimsleur Japanese Level 2 MP3,9781508222040_Japanese_2_QZ_0250.mp3,"5,20"
251,251,JP,9781442310599,Japanese 2,11,03Q,N,"In August, I'm going to Taiwan.",,,,Pimsleur Japanese Level 2 MP3,9781508222040_Japanese_2_QZ_0251.mp3,"17,18"
252,252,JP,9781442310599,Japanese 2,11,03R,M,八月に台湾へ行きます。,hachi gatsu ni taiwan e ikimasu.,6,S,Pimsleur Japanese Level 2 MP3,9781508222040_Japanese_2_QZ_0252.mp3,"17,18"
253,253,JP,9781442310599,Japanese 2,11,04Q,N,I'm free.,,,,Pimsleur Japanese Level 2 MP3,9781508222040_Japanese_2_QZ_0253.mp3,"1,7,9"
254,254,JP,9781442310599,Japanese 2,11,04R,M,暇です。,hima desu.,2,S,Pimsleur Japanese Level 2 MP3,9781508222040_Japanese_2_QZ_0254.mp3,"1,7,9"
255,255,JP,9781442310599,Japanese 2,11,05Q,N,Are you free tonight?,,,,Pimsleur Japanese Level 2 MP3,9781508222040_Japanese_2_QZ_0255.mp3,"1,9"
256,256,JP,9781442310599,Japanese 2,11,05R,F,今晩お暇ですか。,konban ohima desu ka.,4,Q,Pimsleur Japanese Level 2 MP3,9781508222040_Japanese_2_QZ_0256.mp3,"1,9"
257,257,JP,9781442310599,Japanese 2,11,06Q,N,I don't make business trips either.,,,,Pimsleur Japanese Level 2 MP3,9781508222040_Japanese_2_QZ_0257.mp3,"1,18,20"
258,258,JP,9781442310599,Japanese 2,11,06R,F,出張もしません。,shucchoo mo shimasen.,3,S,Pimsleur Japanese Level 2 MP3,9781508222040_Japanese_2_QZ_0258.mp3,"1,18,20"
259,259,JP,9781442310599,Japanese 2,11,07Q,N,When are you going to Osaka? (polite),,,,Pimsleur Japanese Level 2 MP3,9781508222040_Japanese_2_QZ_0259.mp3,"1,9,17,18"
260,260,JP,9781442310599,Japanese 2,11,07R,F,いつ大阪へいらっしゃいますか。,itsu osaka e irasshaimasu ka.,5,Q,Pimsleur Japanese Level 2 MP3,9781508222040_Japanese_2_QZ_0260.mp3,"1,9,17,18"
261,261,JP,9781442310599,Japanese 2,11,08Q,N,I'm leaving tomorrow.,,,,Pimsleur Japanese Level 2 MP3,9781508222040_Japanese_2_QZ_0261.mp3,"9,17,18"
262,262,JP,9781442310599,Japanese 2,11,08R,M,明日出ます。,ashita demasu.,2,S,Pimsleur Japanese Level 2 MP3,9781508222040_Japanese_2_QZ_0262.mp3,"9,17,18"
263,263,JP,9781442310599,Japanese 2,11,09Q,N,I'm leaving early Thursday morning.,,,,Pimsleur Japanese Level 2 MP3,9781508222040_Japanese_2_QZ_0263.mp3,"9,17,18"
264,264,JP,9781442310599,Japanese 2,11,09R,M,木曜日の朝早く出ます。,moku yoobi no asa hayaku demasu.,6,S,Pimsleur Japanese Level 2 MP3,9781508222040_Japanese_2_QZ_0264.mp3,"9,17,18"
265,265,JP,9781442310599,Japanese 2,11,10Q,N,Do you need sugar?,,,,Pimsleur Japanese Level 2 MP3,9781508222040_Japanese_2_QZ_0265.mp3,"6,9"
266,266,JP,9781442310599,Japanese 2,11,10R,M,お砂糖は要りますか。,osatoo wa irimasu ka.,4,Q,Pimsleur Japanese Level 2 MP3,9781508222040_Japanese_2_QZ_0266.mp3,"6,9"
267,267,JP,9781442310599,Japanese 2,11,11Q,N,Is there any sugar?,,,,Pimsleur Japanese Level 2 MP3,9781508222040_Japanese_2_QZ_0267.mp3,"6,9"
268,268,JP,9781442310599,Japanese 2,11,11R,F,お砂糖はありますか。,osatoo wa arimasu ka.,4,Q,Pimsleur Japanese Level 2 MP3,9781508222040_Japanese_2_QZ_0268.mp3,"6,9"
269,269,JP,9781442310599,Japanese 2,11,12Q,N,When are you going to take a vacation?,,,,Pimsleur Japanese Level 2 MP3,9781508222040_Japanese_2_QZ_0269.mp3,"9,18"
270,270,JP,9781442310599,Japanese 2,11,12R,M,いつ休みをとりますか。,itsu yasumi o torimasu ka.,5,Q,Pimsleur Japanese Level 2 MP3,9781508222040_Japanese_2_QZ_0270.mp3,"9,18"
271,271,JP,9781442310599,Japanese 2,12,01Q,N,It is hot.,,,,Pimsleur Japanese Level 2 MP3,9781508222040_Japanese_2_QZ_0271.mp3,"7,16,19"
272,272,JP,9781442310599,Japanese 2,12,01R,M,暑いです。,atsui desu.,2,S,Pimsleur Japanese Level 2 MP3,9781508222040_Japanese_2_QZ_0272.mp3,"7,16,19"
273,273,JP,9781442310599,Japanese 2,12,02Q,N,This person is Mr. Suzuki.,,,,Pimsleur Japanese Level 2 MP3,9781508222040_Japanese_2_QZ_0273.mp3,"9,10"
274,274,JP,9781442310599,Japanese 2,12,02R,M,こちらは鈴木さんです。,kochira wa suzuki san desu.,5,S,Pimsleur Japanese Level 2 MP3,9781508222040_Japanese_2_QZ_0274.mp3,"9,10"
275,275,JP,9781442310599,Japanese 2,12,03Q,N,Is the tea still hot?,,,,Pimsleur Japanese Level 2 MP3,9781508222040_Japanese_2_QZ_0275.mp3,"6,9"
276,276,JP,9781442310599,Japanese 2,12,03R,M,お茶はまだ熱いですか。,ocha wa mada atsui desu ka.,6,Q,Pimsleur Japanese Level 2 MP3,9781508222040_Japanese_2_QZ_0276.mp3,"6,9"
277,277,JP,9781442310599,Japanese 2,12,04Q,N,Is the tea still cold?,,,,Pimsleur Japanese Level 2 MP3,9781508222040_Japanese_2_QZ_0277.mp3,"6,9"
278,278,JP,9781442310599,Japanese 2,12,04R,F,お茶はまだ冷たいですか。,ocha wa mada tsumetai desu ka.,6,Q,Pimsleur Japanese Level 2 MP3,9781508222040_Japanese_2_QZ_0278.mp3,"6,9"
279,279,JP,9781442310599,Japanese 2,12,05Q,N,This week I'm leaving.,,,,Pimsleur Japanese Level 2 MP3,9781508222040_Japanese_2_QZ_0279.mp3,"1,17,18"
280,280,JP,9781442310599,Japanese 2,12,05R,M,今週出ます。,konshuu demasu.,2,S,Pimsleur Japanese Level 2 MP3,9781508222040_Japanese_2_QZ_0280.mp3,"1,17,18"
281,281,JP,9781442310599,Japanese 2,12,06Q,N,This week or next week.,,,,Pimsleur Japanese Level 2 MP3,9781508222040_Japanese_2_QZ_0281.mp3,"9,17"
282,282,JP,9781442310599,Japanese 2,12,06R,F,今週か来週。,konshuu ka raishuu.,3,S,Pimsleur Japanese Level 2 MP3,9781508222040_Japanese_2_QZ_0282.mp3,"9,17"
283,283,JP,9781442310599,Japanese 2,12,07Q,N,He is in.,,,,Pimsleur Japanese Level 2 MP3,9781508222040_Japanese_2_QZ_0283.mp3,"7,9,20"
284,284,JP,9781442310599,Japanese 2,12,07R,F,おります。,orimasu.,1,S,Pimsleur Japanese Level 2 MP3,9781508222040_Japanese_2_QZ_0284.mp3,"7,9,20"
285,285,JP,9781442310599,Japanese 2,12,08Q,N,Is Mr. Suzuki in?,,,,Pimsleur Japanese Level 2 MP3,9781508222040_Japanese_2_QZ_0285.mp3,"9,20"
286,286,JP,9781442310599,Japanese 2,12,08R,M,鈴木さんはいらっしゃいますか。,suzuki san wa irasshaimasu ka.,5,Q,Pimsleur Japanese Level 2 MP3,9781508222040_Japanese_2_QZ_0286.mp3,"9,20"
287,287,JP,9781442310599,Japanese 2,12,09Q,N,How about some hot tea?,,,,Pimsleur Japanese Level 2 MP3,9781508222040_Japanese_2_QZ_0287.mp3,"6,7"
288,288,JP,9781442310599,Japanese 2,12,09R,M,熱いお茶はどうですか。,atsui ocha wa doo desu ka.,6,Q,Pimsleur Japanese Level 2 MP3,9781508222040_Japanese_2_QZ_0288.mp3,"6,7"
289,289,JP,9781442310599,Japanese 2,12,10Q,N,"It's cold today, isn't it.",,,,Pimsleur Japanese Level 2 MP3,9781508222040_Japanese_2_QZ_0289.mp3,"7,19"
290,290,JP,9781442310599,Japanese 2,12,10R,F,今日は寒いですね。,kyo wa samui desu ne.,5,S,Pimsleur Japanese Level 2 MP3,9781508222040_Japanese_2_QZ_0290.mp3,"7,19"
291,291,JP,9781442310599,Japanese 2,13,01Q,N,It's not very good.,,,,Pimsleur Japanese Level 2 MP3,9781508222040_Japanese_2_QZ_0291.mp3,"7,9"
292,292,JP,9781442310599,Japanese 2,13,01R,F,あまりよくありません。,amari yoku arimasen.,3,S,Pimsleur Japanese Level 2 MP3,9781508222040_Japanese_2_QZ_0292.mp3,"7,9"
293,293,JP,9781442310599,Japanese 2,13,02Q,N,My friend does not have free time either.,,,,Pimsleur Japanese Level 2 MP3,9781508222040_Japanese_2_QZ_0293.mp3,"5,9,17"
294,294,JP,9781442310599,Japanese 2,13,02R,F,私の友達も暇がありません。,watashi no tomodachi mo hima ga arimasen.,7,S,Pimsleur Japanese Level 2 MP3,9781508222040_Japanese_2_QZ_0294.mp3,"5,9,17"
295,295,JP,9781442310599,Japanese 2,13,03Q,N,"As for today's weather, how is it?",,,,Pimsleur Japanese Level 2 MP3,9781508222040_Japanese_2_QZ_0295.mp3,"9,17,19"
296,296,JP,9781442310599,Japanese 2,13,03R,F,今日のお天気はどうですか。,kyo no otenki wa doo desu ka.,7,Q,Pimsleur Japanese Level 2 MP3,9781508222040_Japanese_2_QZ_0296.mp3,"9,17,19"
297,297,JP,9781442310599,Japanese 2,13,04Q,N,Kyoto is a nice place.,,,,Pimsleur Japanese Level 2 MP3,9781508222040_Japanese_2_QZ_0297.mp3,"9,18"
298,298,JP,9781442310599,Japanese 2,13,04R,F,京都はいいところです。,kyoto wa ii tokoro desu.,5,S,Pimsleur Japanese Level 2 MP3,9781508222040_Japanese_2_QZ_0298.mp3,"9,18"
299,299,JP,9781442310599,Japanese 2,13,05Q,N,Kyoto is a beautiful place.,,,,Pimsleur Japanese Level 2 MP3,9781508222040_Japanese_2_QZ_0299.mp3,"9,18"
300,300,JP,9781442310599,Japanese 2,13,05R,F,京都はきれいなところです。,kyoto wa kireina tokoro desu.,5,S,Pimsleur Japanese Level 2 MP3,9781508222040_Japanese_2_QZ_0300.mp3,"9,18"
301,301,JP,9781442310599,Japanese 2,13,06Q,N,How's the weather in Nagasaki?,,,,Pimsleur Japanese Level 2 MP3,9781508222040_Japanese_2_QZ_0301.mp3,"9,19"
302,302,JP,9781442310599,Japanese 2,13,06R,F,長崎のお天気はどうですか。,nagasaki no otenki wa doo desu ka.,7,Q,Pimsleur Japanese Level 2 MP3,9781508222040_Japanese_2_QZ_0302.mp3,"9,19"
303,303,JP,9781442310599,Japanese 2,13,07Q,N,Nagasaki is an interesting place.,,,,Pimsleur Japanese Level 2 MP3,9781508222040_Japanese_2_QZ_0303.mp3,"9,18"
304,304,JP,9781442310599,Japanese 2,13,07R,M,長崎は面白いところです。,nagasaki wa omoshiroi tokoro desu.,5,S,Pimsleur Japanese Level 2 MP3,9781508222040_Japanese_2_QZ_0304.mp3,"9,18"
305,305,JP,9781442310599,Japanese 2,13,08Q,N,I want to travel.,,,,Pimsleur Japanese Level 2 MP3,9781508222040_Japanese_2_QZ_0305.mp3,"1,18"
306,306,JP,9781442310599,Japanese 2,13,08R,F,旅行したいです。,ryokoo shitai desu.,3,S,Pimsleur Japanese Level 2 MP3,9781508222040_Japanese_2_QZ_0306.mp3,"1,18"
307,307,JP,9781442310599,Japanese 2,13,09Q,N,I would like to travel.,,,,Pimsleur Japanese Level 2 MP3,9781508222040_Japanese_2_QZ_0307.mp3,"1,18"
308,308,JP,9781442310599,Japanese 2,13,09R,F,旅行したいんですが。,ryokoo shitai n desu ga.,5,S,Pimsleur Japanese Level 2 MP3,9781508222040_Japanese_2_QZ_0308.mp3,"1,18"
309,309,JP,9781442310599,Japanese 2,13,10Q,N,There are a lot of things to do.,,,,Pimsleur Japanese Level 2 MP3,9781508222040_Japanese_2_QZ_0309.mp3,"1,9"
310,310,JP,9781442310599,Japanese 2,13,10R,M,たくさんすることがあります。,takusan suru koto ga arimasu.,5,S,Pimsleur Japanese Level 2 MP3,9781508222040_Japanese_2_QZ_0310.mp3,"1,9"
311,311,JP,9781442310599,Japanese 2,13,11Q,N,"That's too bad, isn't it.",,,,Pimsleur Japanese Level 2 MP3,9781508222040_Japanese_2_QZ_0311.mp3,"7,16"
312,312,JP,9781442310599,Japanese 2,13,11R,M,残念ですね。,zannen desu ne.,3,S,Pimsleur Japanese Level 2 MP3,9781508222040_Japanese_2_QZ_0312.mp3,"7,16"
313,313,JP,9781442310599,Japanese 2,13,12Q,N,It's not hot.,,,,Pimsleur Japanese Level 2 MP3,9781508222040_Japanese_2_QZ_0313.mp3,"7,19"
314,314,JP,9781442310599,Japanese 2,13,12R,F,暑くありません。,atsuku arimasen.,2,S,Pimsleur Japanese Level 2 MP3,9781508222040_Japanese_2_QZ_0314.mp3,"7,19"
315,315,JP,9781442310599,Japanese 2,14,01Q,N,Won't you come? (polite),,,,Pimsleur Japanese Level 2 MP3,9781508222040_Japanese_2_QZ_0315.mp3,"1,7,13"
316,316,JP,9781442310599,Japanese 2,14,01R,F,いらっしゃいませんか。,irasshaimasen ka.,2,Q,Pimsleur Japanese Level 2 MP3,9781508222040_Japanese_2_QZ_0316.mp3,"1,7,13"
317,317,JP,9781442310599,Japanese 2,14,02Q,N,Wouldn't you please hand this to Mr. Ito?,,,,Pimsleur Japanese Level 2 MP3,9781508222040_Japanese_2_QZ_0317.mp3,"13,20"
318,318,JP,9781442310599,Japanese 2,14,02R,M,伊藤さんにこれを渡していただけませんか。,ito san ni kore o watashite itadakemasen ka.,8,Q,Pimsleur Japanese Level 2 MP3,9781508222040_Japanese_2_QZ_0318.mp3,"13,20"
319,319,JP,9781442310599,Japanese 2,14,03Q,N,Won't you come?,,,,Pimsleur Japanese Level 2 MP3,9781508222040_Japanese_2_QZ_0319.mp3,"1,7"
320,320,JP,9781442310599,Japanese 2,14,03R,F,来ませんか。,kimasen ka.,2,Q,Pimsleur Japanese Level 2 MP3,9781508222040_Japanese_2_QZ_0320.mp3,"1,7"
321,321,JP,9781442310599,Japanese 2,14,04Q,N,I want to make a trip to Nara also.,,,,Pimsleur Japanese Level 2 MP3,9781508222040_Japanese_2_QZ_0321.mp3,"1,9,18"
322,322,JP,9781442310599,Japanese 2,14,04R,M,奈良へも旅行したいです。,nara e mo ryokoo shitai desu.,6,S,Pimsleur Japanese Level 2 MP3,9781508222040_Japanese_2_QZ_0322.mp3,"1,9,18"
323,323,JP,9781442310599,Japanese 2,14,05Q,N,It costs money.,,,,Pimsleur Japanese Level 2 MP3,9781508222040_Japanese_2_QZ_0323.mp3,"11,14"
324,324,JP,9781442310599,Japanese 2,14,05R,M,お金がかかります。,okane ga kakarimasu.,3,S,Pimsleur Japanese Level 2 MP3,9781508222040_Japanese_2_QZ_0324.mp3,"11,14"
325,325,JP,9781442310599,Japanese 2,14,06Q,N,Traveling costs money.,,,,Pimsleur Japanese Level 2 MP3,9781508222040_Japanese_2_QZ_0325.mp3,"11,14,18"
326,326,JP,9781442310599,Japanese 2,14,06R,F,旅行はお金がかかります。,ryokoo wa okane ga kakarimasu.,5,S,Pimsleur Japanese Level 2 MP3,9781508222040_Japanese_2_QZ_0326.mp3,"11,14,18"
327,327,JP,9781442310599,Japanese 2,14,07Q,N,It's not very hot yet.,,,,Pimsleur Japanese Level 2 MP3,9781508222040_Japanese_2_QZ_0327.mp3,"9,19"
328,328,JP,9781442310599,Japanese 2,14,07R,M,まだあまり暑くありません。,mada amari atsuku arimasen.,4,S,Pimsleur Japanese Level 2 MP3,9781508222040_Japanese_2_QZ_0328.mp3,"9,19"
329,329,JP,9781442310599,Japanese 2,14,08Q,N,Wouldn't you please give?,,,,Pimsleur Japanese Level 2 MP3,9781508222040_Japanese_2_QZ_0329.mp3,"7,16"
330,330,JP,9781442310599,Japanese 2,14,08R,M,渡していただけませんか。,watashite itadakemasen ka.,3,Q,Pimsleur Japanese Level 2 MP3,9781508222040_Japanese_2_QZ_0330.mp3,"7,16"
331,331,JP,9781442310599,Japanese 2,14,09Q,N,Won't you come to my house? (polite),,,,Pimsleur Japanese Level 2 MP3,9781508222040_Japanese_2_QZ_0331.mp3,"1,13"
332,332,JP,9781442310599,Japanese 2,14,09R,F,私の家へいらっしゃいませんか。,watashi no uchi e irasshaimasen ka.,6,Q,Pimsleur Japanese Level 2 MP3,9781508222040_Japanese_2_QZ_0332.mp3,"1,13"
333,333,JP,9781442310599,Japanese 2,14,10Q,N,I have a daughter and a son.,,,,Pimsleur Japanese Level 2 MP3,9781508222040_Japanese_2_QZ_0333.mp3,"5,9"
334,334,JP,9781442310599,Japanese 2,14,10R,M,娘と息子がいます。,musume to musuko ga imasu.,5,S,Pimsleur Japanese Level 2 MP3,9781508222040_Japanese_2_QZ_0334.mp3,"5,9"
335,335,JP,9781442310599,Japanese 2,15,01Q,N,Thank you very much.,,,,Pimsleur Japanese Level 2 MP3,9781508222040_Japanese_2_QZ_0335.mp3,"7,13,16"
336,336,JP,9781442310599,Japanese 2,15,01R,F,どうもありがとうございました。,domo arigato gozaimashita.,3,S,Pimsleur Japanese Level 2 MP3,9781508222040_Japanese_2_QZ_0336.mp3,"7,13,16"
337,337,JP,9781442310599,Japanese 2,15,02Q,N,Thank you for the meal.,,,,Pimsleur Japanese Level 2 MP3,9781508222040_Japanese_2_QZ_0337.mp3,"6,7,13,16"
338,338,JP,9781442310599,Japanese 2,15,02R,F,ごちそうさまでした。,gochisoosama deshita.,2,S,Pimsleur Japanese Level 2 MP3,9781508222040_Japanese_2_QZ_0338.mp3,"6,7,13,16"
339,339,JP,9781442310599,Japanese 2,15,03Q,N,But before she was working in Yokohama.,,,,Pimsleur Japanese Level 2 MP3,9781508222040_Japanese_2_QZ_0339.mp3,"5,9,20"
340,340,JP,9781442310599,Japanese 2,15,03R,F,でも前は横浜で働いていました。,demo mae wa yokohama de hataraite imashita.,7,S,Pimsleur Japanese Level 2 MP3,9781508222040_Japanese_2_QZ_0340.mp3,"5,9,20"
341,341,JP,9781442310599,Japanese 2,15,04Q,N,The daughter is twenty-two years old.,,,,Pimsleur Japanese Level 2 MP3,9781508222040_Japanese_2_QZ_0341.mp3,"5,9,12"
342,342,JP,9781442310599,Japanese 2,15,04R,F,娘は二十二才です。,musume wa ni ju ni sai desu.,7,S,Pimsleur Japanese Level 2 MP3,9781508222040_Japanese_2_QZ_0342.mp3,"5,9,12"
343,343,JP,9781442310599,Japanese 2,15,05Q,N,Is your son also working?,,,,Pimsleur Japanese Level 2 MP3,9781508222040_Japanese_2_QZ_0343.mp3,"5,9,20"
344,344,JP,9781442310599,Japanese 2,15,05R,M,息子さんも働いていらっしゃいますか。,musuko san mo hataraite irasshaimasu ka.,6,Q,Pimsleur Japanese Level 2 MP3,9781508222040_Japanese_2_QZ_0344.mp3,"5,9,20"
345,345,JP,9781442310599,Japanese 2,15,06Q,N,It's delicious.,,,,Pimsleur Japanese Level 2 MP3,9781508222040_Japanese_2_QZ_0345.mp3,"6,7,16"
346,346,JP,9781442310599,Japanese 2,15,06R,M,おいしいです。,oishii desu.,2,S,Pimsleur Japanese Level 2 MP3,9781508222040_Japanese_2_QZ_0346.mp3,"6,7,16"
347,347,JP,9781442310599,Japanese 2,15,07Q,N,How's Washington's weather now?,,,,Pimsleur Japanese Level 2 MP3,9781508222040_Japanese_2_QZ_0347.mp3,"9,17,19"
348,348,JP,9781442310599,Japanese 2,15,07R,F,ワシントンのお天気は今どうですか.,washinton no otenki wa ima doo desu ka.,8,Q,Pimsleur Japanese Level 2 MP3,9781508222040_Japanese_2_QZ_0348.mp3,"9,17,19"
349,349,JP,9781442310599,Japanese 2,15,08Q,N,I buy an English newspaper everyday.,,,,Pimsleur Japanese Level 2 MP3,9781508222040_Japanese_2_QZ_0349.mp3,14
350,350,JP,9781442310599,Japanese 2,15,08R,M,毎日英字新聞を買います。,mainichi eiji shinbun o kaimasu.,5,S,Pimsleur Japanese Level 2 MP3,9781508222040_Japanese_2_QZ_0350.mp3,14
351,351,JP,9781442310599,Japanese 2,15,09Q,N,"My cake is also delicious, for sure.",,,,Pimsleur Japanese Level 2 MP3,9781508222040_Japanese_2_QZ_0351.mp3,"6,9"
352,352,JP,9781442310599,Japanese 2,15,09R,M,私のケーキもおいしいですよ。,watashi no keeki mo oishii desu yo.,7,S,Pimsleur Japanese Level 2 MP3,9781508222040_Japanese_2_QZ_0352.mp3,"6,9"
353,353,JP,9781442310599,Japanese 2,15,10Q,N,How old are your children?,,,,Pimsleur Japanese Level 2 MP3,9781508222040_Japanese_2_QZ_0353.mp3,"5,10"
354,354,JP,9781442310599,Japanese 2,15,10R,M,お子さんはおいくつですか。,okosan wa oikutsu desu ka.,6,Q,Pimsleur Japanese Level 2 MP3,9781508222040_Japanese_2_QZ_0354.mp3,"5,10"
355,355,JP,9781442310599,Japanese 2,16,01Q,N,It's over there.,,,,Pimsleur Japanese Level 2 MP3,9781508222040_Japanese_2_QZ_0355.mp3,"4,9"
356,356,JP,9781442310599,Japanese 2,16,01R,M,あそこにあります。,asoko ni arimasu.,3,S,Pimsleur Japanese Level 2 MP3,9781508222040_Japanese_2_QZ_0356.mp3,"4,9"
357,357,JP,9781442310599,Japanese 2,16,02Q,N,I don't know the telephone number.,,,,Pimsleur Japanese Level 2 MP3,9781508222040_Japanese_2_QZ_0357.mp3,"3,9"
358,358,JP,9781442310599,Japanese 2,16,02R,F,電話番号がわかりません。,denwa bangoo ga wakarimasen.,4,S,Pimsleur Japanese Level 2 MP3,9781508222040_Japanese_2_QZ_0358.mp3,"3,9"
359,359,JP,9781442310599,Japanese 2,16,03Q,N,Do you need a telephone book?,,,,Pimsleur Japanese Level 2 MP3,9781508222040_Japanese_2_QZ_0359.mp3,3
360,360,JP,9781442310599,Japanese 2,16,03R,M,電話帳が要りますか。,denwa choo ga irimasu ka.,5,Q,Pimsleur Japanese Level 2 MP3,9781508222040_Japanese_2_QZ_0360.mp3,3
361,361,JP,9781442310599,Japanese 2,16,04Q,N,I would like to make a telephone call.,,,,Pimsleur Japanese Level 2 MP3,9781508222040_Japanese_2_QZ_0361.mp3,"3,16"
362,362,JP,9781442310599,Japanese 2,16,04R,F,電話をかけたいんですが。,denwa o kaketai n desu ga.,6,S,Pimsleur Japanese Level 2 MP3,9781508222040_Japanese_2_QZ_0362.mp3,"3,16"
363,363,JP,9781442310599,Japanese 2,16,05Q,N,Where is the telephone?,,,,Pimsleur Japanese Level 2 MP3,9781508222040_Japanese_2_QZ_0363.mp3,"3,4,7,16"
364,364,JP,9781442310599,Japanese 2,16,05R,F,電話はどこにありますか。,denwa wa doko ni arimasu ka.,6,Q,Pimsleur Japanese Level 2 MP3,9781508222040_Japanese_2_QZ_0364.mp3,"3,4,7,16"
365,365,JP,9781442310599,Japanese 2,16,06Q,N,One person is working at a bank.,,,,Pimsleur Japanese Level 2 MP3,9781508222040_Japanese_2_QZ_0365.mp3,"11,12,20"
366,366,JP,9781442310599,Japanese 2,16,06R,M,一人は銀行で働いています。,hitori wa ginko de hataraite imasu.,6,S,Pimsleur Japanese Level 2 MP3,9781508222040_Japanese_2_QZ_0366.mp3,"11,12,20"
367,367,JP,9781442310599,Japanese 2,16,07Q,N,I live in Kyoto together with my family.,,,,Pimsleur Japanese Level 2 MP3,9781508222040_Japanese_2_QZ_0367.mp3,"5,9,18"
368,368,JP,9781442310599,Japanese 2,16,07R,M,家族と一緒に京都に住んでいます。,kazoku to issho ni kyoto ni sunde imasu.,8,S,Pimsleur Japanese Level 2 MP3,9781508222040_Japanese_2_QZ_0368.mp3,"5,9,18"
369,369,JP,9781442310599,Japanese 2,16,08Q,N,Here it is.,,,,Pimsleur Japanese Level 2 MP3,9781508222040_Japanese_2_QZ_0369.mp3,"7,16"
370,370,JP,9781442310599,Japanese 2,16,08R,F,ありました。,arimashita.,1,S,Pimsleur Japanese Level 2 MP3,9781508222040_Japanese_2_QZ_0370.mp3,"7,16"
371,371,JP,9781442310599,Japanese 2,16,09Q,N,I was working in a company in Tokyo.,,,,Pimsleur Japanese Level 2 MP3,9781508222040_Japanese_2_QZ_0371.mp3,"9,20"
372,372,JP,9781442310599,Japanese 2,16,09R,M,東京の会社で働いていました。,tokyo no kaisha de hataraite imashita.,6,S,Pimsleur Japanese Level 2 MP3,9781508222040_Japanese_2_QZ_0372.mp3,"9,20"
373,373,JP,9781442310599,Japanese 2,16,10Q,N,The other is three years old.,,,,Pimsleur Japanese Level 2 MP3,9781508222040_Japanese_2_QZ_0373.mp3,"9,12"
374,374,JP,9781442310599,Japanese 2,16,10R,F,もう一人は三才です。,moo hitori wa san sai desu.,6,S,Pimsleur Japanese Level 2 MP3,9781508222040_Japanese_2_QZ_0374.mp3,"9,12"
375,375,JP,9781442310599,Japanese 2,17,01Q,N,Which university is it?,,,,Pimsleur Japanese Level 2 MP3,9781508222040_Japanese_2_QZ_0375.mp3,9
376,376,JP,9781442310599,Japanese 2,17,01R,F,どこの大学ですか。,doko no daigaku desu ka.,5,Q,Pimsleur Japanese Level 2 MP3,9781508222040_Japanese_2_QZ_0376.mp3,9
377,377,JP,9781442310599,Japanese 2,17,02Q,N,What is she studying?,,,,Pimsleur Japanese Level 2 MP3,9781508222040_Japanese_2_QZ_0377.mp3,9
378,378,JP,9781442310599,Japanese 2,17,02R,F,何を勉強していますか。,nani o benkyoo shite imasu ka.,6,Q,Pimsleur Japanese Level 2 MP3,9781508222040_Japanese_2_QZ_0378.mp3,9
379,379,JP,9781442310599,Japanese 2,17,03Q,N,She is studying economics.,,,,Pimsleur Japanese Level 2 MP3,9781508222040_Japanese_2_QZ_0379.mp3,"5,9"
380,380,JP,9781442310599,Japanese 2,17,03R,M,経済を勉強しています。,keizai o benkyoo shite imasu.,5,S,Pimsleur Japanese Level 2 MP3,9781508222040_Japanese_2_QZ_0380.mp3,"5,9"
381,381,JP,9781442310599,Japanese 2,17,04Q,N,My son is a high school student.,,,,Pimsleur Japanese Level 2 MP3,9781508222040_Japanese_2_QZ_0381.mp3,"5,9"
382,382,JP,9781442310599,Japanese 2,17,04R,M,息子は高校生です。,musuko wa kookoo sei desu.,5,S,Pimsleur Japanese Level 2 MP3,9781508222040_Japanese_2_QZ_0382.mp3,"5,9"
383,383,JP,9781442310599,Japanese 2,17,05Q,N,The telephone is that direction.,,,,Pimsleur Japanese Level 2 MP3,9781508222040_Japanese_2_QZ_0383.mp3,"3,4"
384,384,JP,9781442310599,Japanese 2,17,05R,F,電話はあちらです。,denwa wa achira desu.,4,S,Pimsleur Japanese Level 2 MP3,9781508222040_Japanese_2_QZ_0384.mp3,"3,4"
385,385,JP,9781442310599,Japanese 2,17,06Q,N,The daughter is a university student.,,,,Pimsleur Japanese Level 2 MP3,9781508222040_Japanese_2_QZ_0385.mp3,"5,9"
386,386,JP,9781442310599,Japanese 2,17,06R,M,娘は大学生です。,musume wa daigaku sei desu.,5,S,Pimsleur Japanese Level 2 MP3,9781508222040_Japanese_2_QZ_0386.mp3,"5,9"
387,387,JP,9781442310599,Japanese 2,17,07Q,N,I'm looking for a post office.,,,,Pimsleur Japanese Level 2 MP3,9781508222040_Japanese_2_QZ_0387.mp3,"4,9,16"
388,388,JP,9781442310599,Japanese 2,17,07R,M,郵便局を探しているんですが。,yuubinkyoku o sagashite iru n desu ga.,7,S,Pimsleur Japanese Level 2 MP3,9781508222040_Japanese_2_QZ_0388.mp3,"4,9,16"
389,389,JP,9781442310599,Japanese 2,17,08Q,N,Go straight ahead about fifty meters.,,,,Pimsleur Japanese Level 2 MP3,9781508222040_Japanese_2_QZ_0389.mp3,"4,12"
390,390,JP,9781442310599,Japanese 2,17,08R,F,五十メートルぐらいまっすぐ行って下さい。,go ju meetoru gurai massugu itte kudasai.,7,S,Pimsleur Japanese Level 2 MP3,9781508222040_Japanese_2_QZ_0390.mp3,"4,12"
391,391,JP,9781442310599,Japanese 2,18,01Q,N,My wife is not feeling well.,,,,Pimsleur Japanese Level 2 MP3,9781508222040_Japanese_2_QZ_0391.mp3,"5,16"
392,392,JP,9781442310599,Japanese 2,18,01R,M,家内の具合が悪いんです。,kanai no guai ga warui n desu.,7,S,Pimsleur Japanese Level 2 MP3,9781508222040_Japanese_2_QZ_0392.mp3,"5,16"
393,393,JP,9781442310599,Japanese 2,18,02Q,N,My wife writes letters often.,,,,Pimsleur Japanese Level 2 MP3,9781508222040_Japanese_2_QZ_0393.mp3,"3,5,9"
394,394,JP,9781442310599,Japanese 2,18,02R,M,家内はよく手紙を書きます。,kanai wa yoku tegami o kakimasu.,6,S,Pimsleur Japanese Level 2 MP3,9781508222040_Japanese_2_QZ_0394.mp3,"3,5,9"
395,395,JP,9781442310599,Japanese 2,18,03Q,N,There's a bank on the right.,,,,Pimsleur Japanese Level 2 MP3,9781508222040_Japanese_2_QZ_0395.mp3,"4,11"
396,396,JP,9781442310599,Japanese 2,18,03R,M,右に銀行があります。,migi ni ginkoo ga arimasu.,5,S,Pimsleur Japanese Level 2 MP3,9781508222040_Japanese_2_QZ_0396.mp3,"4,11"
397,397,JP,9781442310599,Japanese 2,18,04Q,N,Where in America is your son?,,,,Pimsleur Japanese Level 2 MP3,9781508222040_Japanese_2_QZ_0397.mp3,"4,5,9"
398,398,JP,9781442310599,Japanese 2,18,04R,F,息子さんはアメリカのどこにいますか。,musuko san wa amerika no doko ni imasu ka.,9,Q,Pimsleur Japanese Level 2 MP3,9781508222040_Japanese_2_QZ_0398.mp3,"4,5,9"
399,399,JP,9781442310599,Japanese 2,18,05Q,N,"Wait a minute, please. (polite)",,,,Pimsleur Japanese Level 2 MP3,9781508222040_Japanese_2_QZ_0399.mp3,"7,13,16"
400,400,JP,9781442310599,Japanese 2,18,05R,F,少々お待ち下さい。,shooshoo omachi kudasai.,3,S,Pimsleur Japanese Level 2 MP3,9781508222040_Japanese_2_QZ_0400.mp3,"7,13,16"
401,401,JP,9781442310599,Japanese 2,18,06Q,N,Please turn that corner to the right.,,,,Pimsleur Japanese Level 2 MP3,9781508222040_Japanese_2_QZ_0401.mp3,"4,13"
402,402,JP,9781442310599,Japanese 2,18,06R,F,その角を右に曲がって下さい。,sono kado o migi ni magatte kudasai.,7,S,Pimsleur Japanese Level 2 MP3,9781508222040_Japanese_2_QZ_0402.mp3,"4,13"
403,403,JP,9781442310599,Japanese 2,18,07Q,N,Here comes the taxi.,,,,Pimsleur Japanese Level 2 MP3,9781508222040_Japanese_2_QZ_0403.mp3,"7,9,18"
404,404,JP,9781442310599,Japanese 2,18,07R,F,タクシーが来ましたよ。,takushii ga kimashita yo.,4,S,Pimsleur Japanese Level 2 MP3,9781508222040_Japanese_2_QZ_0404.mp3,"7,9,18"
405,405,JP,9781442310599,Japanese 2,18,08Q,N,I'd like to call a taxi.,,,,Pimsleur Japanese Level 2 MP3,9781508222040_Japanese_2_QZ_0405.mp3,"3,16,18"
406,406,JP,9781442310599,Japanese 2,18,08R,M,タクシーを呼びたいんですが。,takushii o yobitai n desu ga.,6,S,Pimsleur Japanese Level 2 MP3,9781508222040_Japanese_2_QZ_0406.mp3,"3,16,18"
407,407,JP,9781442310599,Japanese 2,18,09Q,N,I don't write much.,,,,Pimsleur Japanese Level 2 MP3,9781508222040_Japanese_2_QZ_0407.mp3,"1,3,9"
408,408,JP,9781442310599,Japanese 2,18,09R,M,私はあまり書きません。,watashi wa amari kakimasen.,4,S,Pimsleur Japanese Level 2 MP3,9781508222040_Japanese_2_QZ_0408.mp3,"1,3,9"
409,409,JP,9781442310599,Japanese 2,18,10Q,N,Then there's a hospital on the left.,,,,Pimsleur Japanese Level 2 MP3,9781508222040_Japanese_2_QZ_0409.mp3,"4,16"
410,410,JP,9781442310599,Japanese 2,18,10R,F,そうすると 左に病院が あります。,soo suruto hidari ni byooin ga arimasu.,7,S,Pimsleur Japanese Level 2 MP3,9781508222040_Japanese_2_QZ_0410.mp3,"4,16"
411,411,JP,9781442310599,Japanese 2,19,01Q,N,It's not very close.,,,,Pimsleur Japanese Level 2 MP3,9781508222040_Japanese_2_QZ_0411.mp3,"4,9"
412,412,JP,9781442310599,Japanese 2,19,01R,M,あまり近くありません。,amari chikaku arimasen.,3,S,Pimsleur Japanese Level 2 MP3,9781508222040_Japanese_2_QZ_0412.mp3,"4,9"
413,413,JP,9781442310599,Japanese 2,19,02Q,N,It's close.,,,,Pimsleur Japanese Level 2 MP3,9781508222040_Japanese_2_QZ_0413.mp3,"4,9"
414,414,JP,9781442310599,Japanese 2,19,02R,F,近いです。,chikai desu.,2,S,Pimsleur Japanese Level 2 MP3,9781508222040_Japanese_2_QZ_0414.mp3,"4,9"
415,415,JP,9781442310599,Japanese 2,19,03Q,N,It's not close.,,,,Pimsleur Japanese Level 2 MP3,9781508222040_Japanese_2_QZ_0415.mp3,"4,9"
416,416,JP,9781442310599,Japanese 2,19,03R,M,近くありません。,chikaku arimasen.,2,S,Pimsleur Japanese Level 2 MP3,9781508222040_Japanese_2_QZ_0416.mp3,"4,9"
417,417,JP,9781442310599,Japanese 2,19,04Q,N,Go straight down this road about one hundred meters.,,,,Pimsleur Japanese Level 2 MP3,9781508222040_Japanese_2_QZ_0417.mp3,"4,12"
418,418,JP,9781442310599,Japanese 2,19,04R,M,この道を百メートルぐらいまっすぐ行って下さい。,kono michi o hyaku meetoru gurai massugu itte kudasai.,9,S,Pimsleur Japanese Level 2 MP3,9781508222040_Japanese_2_QZ_0418.mp3,"4,12"
419,419,JP,9781442310599,Japanese 2,19,05Q,N,Go straight down this road please.,,,,Pimsleur Japanese Level 2 MP3,9781508222040_Japanese_2_QZ_0419.mp3,"4,13,16"
420,420,JP,9781442310599,Japanese 2,19,05R,M,この道をまっすぐ行って下さい。,kono michi o massugu itte kudasai.,6,S,Pimsleur Japanese Level 2 MP3,9781508222040_Japanese_2_QZ_0420.mp3,"4,13,16"
421,421,JP,9781442310599,Japanese 2,19,06Q,N,I'm sorry to hear that.,,,,Pimsleur Japanese Level 2 MP3,9781508222040_Japanese_2_QZ_0421.mp3,"7,13,16"
422,422,JP,9781442310599,Japanese 2,19,06R,M,それはいけませんね。,sore wa ikemasen ne.,4,S,Pimsleur Japanese Level 2 MP3,9781508222040_Japanese_2_QZ_0422.mp3,"7,13,16"
423,423,JP,9781442310599,Japanese 2,19,07Q,N,How much are they in all?,,,,Pimsleur Japanese Level 2 MP3,9781508222040_Japanese_2_QZ_0423.mp3,"9,11,14,16"
424,424,JP,9781442310599,Japanese 2,19,07R,F,全部でいくらですか。,zenbu de ikura desu ka.,5,Q,Pimsleur Japanese Level 2 MP3,9781508222040_Japanese_2_QZ_0424.mp3,"9,11,14,16"
425,425,JP,9781442310599,Japanese 2,19,08Q,N,We talk on the phone often.,,,,Pimsleur Japanese Level 2 MP3,9781508222040_Japanese_2_QZ_0425.mp3,"3,9"
426,426,JP,9781442310599,Japanese 2,19,08R,M,私たちはよく電話をかけます。,watashitachi wa yoku denwa o kakemasu.,6,S,Pimsleur Japanese Level 2 MP3,9781508222040_Japanese_2_QZ_0426.mp3,"3,9"
427,427,JP,9781442310599,Japanese 2,19,09Q,N,I would like to buy an English newspaper.,,,,Pimsleur Japanese Level 2 MP3,9781508222040_Japanese_2_QZ_0427.mp3,"1,14"
428,428,JP,9781442310599,Japanese 2,19,09R,F,英字新聞を買いたいんですが。,eiji shinbun o kaitai n desu ga.,7,S,Pimsleur Japanese Level 2 MP3,9781508222040_Japanese_2_QZ_0428.mp3,"1,14"
429,429,JP,9781442310599,Japanese 2,19,10Q,N,"In all, it's three hundred yen.",,,,Pimsleur Japanese Level 2 MP3,9781508222040_Japanese_2_QZ_0429.mp3,"11,12,14"
430,430,JP,9781442310599,Japanese 2,19,10R,M,全部で三百円です。,zenbu de san byaku en desu.,6,S,Pimsleur Japanese Level 2 MP3,9781508222040_Japanese_2_QZ_0430.mp3,"11,12,14"
431,431,JP,9781442310599,Japanese 2,20,01Q,N,"One ticket, please.",,,,Pimsleur Japanese Level 2 MP3,9781508222040_Japanese_2_QZ_0431.mp3,"7,12,16"
432,432,JP,9781442310599,Japanese 2,20,01R,M,一枚下さい。,ichi mai kudasai.,3,S,Pimsleur Japanese Level 2 MP3,9781508222040_Japanese_2_QZ_0432.mp3,"7,12,16"
433,433,JP,9781442310599,Japanese 2,20,02Q,N,How much is it? (polite),,,,Pimsleur Japanese Level 2 MP3,9781508222040_Japanese_2_QZ_0433.mp3,"13,14,16"
434,434,JP,9781442310599,Japanese 2,20,02R,M,おいくらですか。,oikura desu ka.,3,Q,Pimsleur Japanese Level 2 MP3,9781508222040_Japanese_2_QZ_0434.mp3,"13,14,16"
435,435,JP,9781442310599,Japanese 2,20,03Q,N,What track number is the Osaka bound?,,,,Pimsleur Japanese Level 2 MP3,9781508222040_Japanese_2_QZ_0435.mp3,"9,18"
436,436,JP,9781442310599,Japanese 2,20,03R,M,大阪行は何番線ですか。,osaka yuki wa nan ban sen desu ka.,8,Q,Pimsleur Japanese Level 2 MP3,9781508222040_Japanese_2_QZ_0436.mp3,"9,18"
437,437,JP,9781442310599,Japanese 2,20,04Q,N,It's track number three.,,,,Pimsleur Japanese Level 2 MP3,9781508222040_Japanese_2_QZ_0437.mp3,"9,12"
438,438,JP,9781442310599,Japanese 2,20,04R,F,三番線です。,san ban sen desu.,4,S,Pimsleur Japanese Level 2 MP3,9781508222040_Japanese_2_QZ_0438.mp3,"9,12"
439,439,JP,9781442310599,Japanese 2,20,05Q,N,The super express train is faster than the express train.,,,,Pimsleur Japanese Level 2 MP3,9781508222040_Japanese_2_QZ_0439.mp3,"9,18"
440,440,JP,9781442310599,Japanese 2,20,05R,F,特急は急行より速いです。,tokkyuu wa kyuukoo yori hayai desu.,6,S,Pimsleur Japanese Level 2 MP3,9781508222040_Japanese_2_QZ_0440.mp3,"9,18"
441,441,JP,9781442310599,Japanese 2,20,06Q,N,It's four hundred yen change.,,,,Pimsleur Japanese Level 2 MP3,9781508222040_Japanese_2_QZ_0441.mp3,"11,12,14"
442,442,JP,9781442310599,Japanese 2,20,06R,F,四百円のおつりです。,yon hyaku en no otsuri desu.,6,S,Pimsleur Japanese Level 2 MP3,9781508222040_Japanese_2_QZ_0442.mp3,"11,12,14"
443,443,JP,9781442310599,Japanese 2,20,07Q,N,Cars are faster than buses.,,,,Pimsleur Japanese Level 2 MP3,9781508222040_Japanese_2_QZ_0443.mp3,"9,18"
444,444,JP,9781442310599,Japanese 2,20,07R,M,車はバスより速いです。,kuruma wa basu yori hayai desu.,6,S,Pimsleur Japanese Level 2 MP3,9781508222040_Japanese_2_QZ_0444.mp3,"9,18"
445,445,JP,9781442310599,Japanese 2,20,08Q,N,"To Osaka, one ticket please.",,,,Pimsleur Japanese Level 2 MP3,9781508222040_Japanese_2_QZ_0445.mp3,"12,16,18"
446,446,JP,9781442310599,Japanese 2,20,08R,M,大阪まで、一枚下さい。,"osaka made, ichi mai kudasai.",5,S,Pimsleur Japanese Level 2 MP3,9781508222040_Japanese_2_QZ_0446.mp3,"12,16,18"
447,447,JP,9781442310599,Japanese 2,20,09Q,N,"By express train, it's forty minutes.",,,,Pimsleur Japanese Level 2 MP3,9781508222040_Japanese_2_QZ_0447.mp3,"12,17,18"
448,448,JP,9781442310599,Japanese 2,20,09R,F,急行で四十分です。,kyuukoo de yon juppun desu.,5,S,Pimsleur Japanese Level 2 MP3,9781508222040_Japanese_2_QZ_0448.mp3,"12,17,18"
449,449,JP,9781442310599,Japanese 2,20,10Q,N,"To Osaka, how long is it?",,,,Pimsleur Japanese Level 2 MP3,9781508222040_Japanese_2_QZ_0449.mp3,"9,18"
450,450,JP,9781442310599,Japanese 2,20,10R,M,大阪まで、どのぐらいですか。,"osaka made, donogurai desu ka.",5,Q,Pimsleur Japanese Level 2 MP3,9781508222040_Japanese_2_QZ_0450.mp3,"9,18"
451,451,JP,9781442310599,Japanese 2,21,01Q,N,There's enough.,,,,Pimsleur Japanese Level 2 MP3,9781508222040_Japanese_2_QZ_0451.mp3,9
452,452,JP,9781442310599,Japanese 2,21,01R,M,十分あります。,juubun arimasu.,2,S,Pimsleur Japanese Level 2 MP3,9781508222040_Japanese_2_QZ_0452.mp3,9
453,453,JP,9781442310599,Japanese 2,21,02Q,N,I'll be waiting here.,,,,Pimsleur Japanese Level 2 MP3,9781508222040_Japanese_2_QZ_0453.mp3,"9,16"
454,454,JP,9781442310599,Japanese 2,21,02R,M,ここで待っています。,koko de matte imasu.,4,S,Pimsleur Japanese Level 2 MP3,9781508222040_Japanese_2_QZ_0454.mp3,"9,16"
455,455,JP,9781442310599,Japanese 2,21,03Q,N,The car doesn't work.,,,,Pimsleur Japanese Level 2 MP3,9781508222040_Japanese_2_QZ_0455.mp3,18
456,456,JP,9781442310599,Japanese 2,21,03R,M,車が動かないんです。,kuruma ga ugokanai n desu.,5,S,Pimsleur Japanese Level 2 MP3,9781508222040_Japanese_2_QZ_0456.mp3,18
457,457,JP,9781442310599,Japanese 2,21,04Q,N,Everything is closed.,,,,Pimsleur Japanese Level 2 MP3,9781508222040_Japanese_2_QZ_0457.mp3,"9,14"
458,458,JP,9781442310599,Japanese 2,21,04R,F,みんな閉まっています。,minna shimatte imasu.,3,S,Pimsleur Japanese Level 2 MP3,9781508222040_Japanese_2_QZ_0458.mp3,"9,14"
459,459,JP,9781442310599,Japanese 2,21,05Q,N,I'm going to call a friend.,,,,Pimsleur Japanese Level 2 MP3,9781508222040_Japanese_2_QZ_0459.mp3,"3,5"
460,460,JP,9781442310599,Japanese 2,21,05R,M,友達に電話をかけます。,tomodachi ni denwa o kakemasu.,5,S,Pimsleur Japanese Level 2 MP3,9781508222040_Japanese_2_QZ_0460.mp3,"3,5"
461,461,JP,9781442310599,Japanese 2,21,06Q,N,Today is a holiday.,,,,Pimsleur Japanese Level 2 MP3,9781508222040_Japanese_2_QZ_0461.mp3,"7,9,17"
462,462,JP,9781442310599,Japanese 2,21,06R,F,今日は休みです。,kyo wa yasumi desu.,4,S,Pimsleur Japanese Level 2 MP3,9781508222040_Japanese_2_QZ_0462.mp3,"7,9,17"
463,463,JP,9781442310599,Japanese 2,22,01Q,N,The bus is slow,,,,Pimsleur Japanese Level 2 MP3,9781508222040_Japanese_2_QZ_0463.mp3,"9,18"
464,464,JP,9781442310599,Japanese 2,22,01R,F,バスは遅いです。,basu wa osoi desu.,4,S,Pimsleur Japanese Level 2 MP3,9781508222040_Japanese_2_QZ_0464.mp3,"9,18"
465,465,JP,9781442310599,Japanese 2,22,02Q,N,"Three stamps, please.",,,,Pimsleur Japanese Level 2 MP3,9781508222040_Japanese_2_QZ_0465.mp3,"12,13,14"
466,466,JP,9781442310599,Japanese 2,22,02R,M,切手、三枚お願いします。,"kitte, san mai onegai shimasu.",5,S,Pimsleur Japanese Level 2 MP3,9781508222040_Japanese_2_QZ_0466.mp3,"12,13,14"
467,467,JP,9781442310599,Japanese 2,22,03Q,N,Can you play tennis?,,,,Pimsleur Japanese Level 2 MP3,9781508222040_Japanese_2_QZ_0467.mp3,1
468,468,JP,9781442310599,Japanese 2,22,03R,M,テニスができますか。,tenisu ga dekimasu ka.,4,Q,Pimsleur Japanese Level 2 MP3,9781508222040_Japanese_2_QZ_0468.mp3,1
469,469,JP,9781442310599,Japanese 2,22,04Q,N,It's not convenient.,,,,Pimsleur Japanese Level 2 MP3,9781508222040_Japanese_2_QZ_0469.mp3,7
470,470,JP,9781442310599,Japanese 2,22,04R,F,都合が悪いんです。,tsugoo ga warui n desu.,5,S,Pimsleur Japanese Level 2 MP3,9781508222040_Japanese_2_QZ_0470.mp3,7
471,471,JP,9781442310599,Japanese 2,22,05Q,N,At the station's kiosk.,,,,Pimsleur Japanese Level 2 MP3,9781508222040_Japanese_2_QZ_0471.mp3,"10,18"
472,472,JP,9781442310599,Japanese 2,22,05R,M,駅のキオスクで。,eki no kiosuku de.,4,S,Pimsleur Japanese Level 2 MP3,9781508222040_Japanese_2_QZ_0472.mp3,"10,18"
473,473,JP,9781442310599,Japanese 2,22,06Q,N,"By car, it's five minutes.",,,,Pimsleur Japanese Level 2 MP3,9781508222040_Japanese_2_QZ_0473.mp3,"9,12,17,18"
474,474,JP,9781442310599,Japanese 2,22,06R,F,車で五分です。,kuruma de go hun desu.,5,S,Pimsleur Japanese Level 2 MP3,9781508222040_Japanese_2_QZ_0474.mp3,"9,12,17,18"
475,475,JP,9781442310599,Japanese 2,22,07Q,N,Are you going right away?,,,,Pimsleur Japanese Level 2 MP3,9781508222040_Japanese_2_QZ_0475.mp3,"17,18"
476,476,JP,9781442310599,Japanese 2,22,07R,M,すぐ行きますか。,sugu ikimasu ka.,3,Q,Pimsleur Japanese Level 2 MP3,9781508222040_Japanese_2_QZ_0476.mp3,"17,18"
477,477,JP,9781442310599,Japanese 2,22,08Q,N,Are you going by subway or bus?,,,,Pimsleur Japanese Level 2 MP3,9781508222040_Japanese_2_QZ_0477.mp3,"9,18"
478,478,JP,9781442310599,Japanese 2,22,08R,M,地下鉄かバスで行きますか。,chikatetsu ka basu de ikimasu ka.,6,Q,Pimsleur Japanese Level 2 MP3,9781508222040_Japanese_2_QZ_0478.mp3,"9,18"
479,479,JP,9781442310599,Japanese 2,22,09Q,N,The bus is slower than the subway.,,,,Pimsleur Japanese Level 2 MP3,9781508222040_Japanese_2_QZ_0479.mp3,"9,18"
480,480,JP,9781442310599,Japanese 2,22,09R,F,バスは地下鉄より遅いです。,basu wa chikatetsu yori osoi desu.,6,S,Pimsleur Japanese Level 2 MP3,9781508222040_Japanese_2_QZ_0480.mp3,"9,18"
481,481,JP,9781442310599,Japanese 2,23,01Q,N,Does her husband also play tennis?,,,,Pimsleur Japanese Level 2 MP3,9781508222040_Japanese_2_QZ_0481.mp3,"1,5,9"
482,482,JP,9781442310599,Japanese 2,23,01R,F,ご主人もテニスをしますか。,goshujin mo tenisu o shimasu ka.,6,Q,Pimsleur Japanese Level 2 MP3,9781508222040_Japanese_2_QZ_0482.mp3,"1,5,9"
483,483,JP,9781442310599,Japanese 2,23,02Q,N,Can Mary's husband also play tennis?,,,,Pimsleur Japanese Level 2 MP3,9781508222040_Japanese_2_QZ_0483.mp3,"1,5,9"
484,484,JP,9781442310599,Japanese 2,23,02R,F,メアリーさんのご主人もテニスができますか。,mary san no goshujin mo tenisu ga dekimasu ka.,9,Q,Pimsleur Japanese Level 2 MP3,9781508222040_Japanese_2_QZ_0484.mp3,"1,5,9"
485,485,JP,9781442310599,Japanese 2,23,03Q,N,I often play tennis with Mary.,,,,Pimsleur Japanese Level 2 MP3,9781508222040_Japanese_2_QZ_0485.mp3,"1,9"
486,486,JP,9781442310599,Japanese 2,23,03R,M,メアリーさんとよくテニスをします。,mary san to yoku tenisu o shimasu.,7,S,Pimsleur Japanese Level 2 MP3,9781508222040_Japanese_2_QZ_0486.mp3,"1,9"
487,487,JP,9781442310599,Japanese 2,23,04Q,N,I'm coming back right away.,,,,Pimsleur Japanese Level 2 MP3,9781508222040_Japanese_2_QZ_0487.mp3,"9,17"
488,488,JP,9781442310599,Japanese 2,23,04R,M,すぐ来ます。,sugu kimasu.,2,S,Pimsleur Japanese Level 2 MP3,9781508222040_Japanese_2_QZ_0488.mp3,"9,17"
489,489,JP,9781442310599,Japanese 2,23,05Q,N,It's all right.,,,,Pimsleur Japanese Level 2 MP3,9781508222040_Japanese_2_QZ_0489.mp3,"7,16"
490,490,JP,9781442310599,Japanese 2,23,05R,F,大丈夫です。,daijoobu desu.,2,S,Pimsleur Japanese Level 2 MP3,9781508222040_Japanese_2_QZ_0490.mp3,"7,16"
491,491,JP,9781442310599,Japanese 2,23,06Q,N,I play tennis.,,,,Pimsleur Japanese Level 2 MP3,9781508222040_Japanese_2_QZ_0491.mp3,"1,9"
492,492,JP,9781442310599,Japanese 2,23,06R,M,テニスをします。,tenisu o shimasu.,3,S,Pimsleur Japanese Level 2 MP3,9781508222040_Japanese_2_QZ_0492.mp3,"1,9"
493,493,JP,9781442310599,Japanese 2,23,07Q,N,Mary is my acquaintance.,,,,Pimsleur Japanese Level 2 MP3,9781508222040_Japanese_2_QZ_0493.mp3,9
494,494,JP,9781442310599,Japanese 2,23,07R,M,メアリーさんは私の知り合いです。,mary san wa watashi no shiriai desu.,7,S,Pimsleur Japanese Level 2 MP3,9781508222040_Japanese_2_QZ_0494.mp3,9
495,495,JP,9781442310599,Japanese 2,23,08Q,N,Both can play tennis.,,,,Pimsleur Japanese Level 2 MP3,9781508222040_Japanese_2_QZ_0495.mp3,"1,9"
496,496,JP,9781442310599,Japanese 2,23,08R,M,二人ともテニスができます。,futari tomo tenisu ga dekimasu.,5,S,Pimsleur Japanese Level 2 MP3,9781508222040_Japanese_2_QZ_0496.mp3,"1,9"
497,497,JP,9781442310599,Japanese 2,23,09Q,N,They're good at tennis.,,,,Pimsleur Japanese Level 2 MP3,9781508222040_Japanese_2_QZ_0497.mp3,"1,9"
498,498,JP,9781442310599,Japanese 2,23,09R,M,テニスが上手です。,tenisu ga jozu desu.,4,S,Pimsleur Japanese Level 2 MP3,9781508222040_Japanese_2_QZ_0498.mp3,"1,9"
499,499,JP,9781442310599,Japanese 2,23,10Q,N,She is more skilled than her husband.,,,,Pimsleur Japanese Level 2 MP3,9781508222040_Japanese_2_QZ_0499.mp3,"5,9"
500,500,JP,9781442310599,Japanese 2,23,10R,M,ご主人より上手です。,goshujin yori jozu desu.,4,S,Pimsleur Japanese Level 2 MP3,9781508222040_Japanese_2_QZ_0500.mp3,"5,9"
501,501,JP,9781442310599,Japanese 2,23,11Q,N,He plays fairly well.,,,,Pimsleur Japanese Level 2 MP3,9781508222040_Japanese_2_QZ_0501.mp3,"1,9"
502,502,JP,9781442310599,Japanese 2,23,11R,M,かなり上手です。,kanari jozu desu.,3,S,Pimsleur Japanese Level 2 MP3,9781508222040_Japanese_2_QZ_0502.mp3,"1,9"
503,503,JP,9781442310599,Japanese 2,23,12Q,N,Won't you play tennis together?,,,,Pimsleur Japanese Level 2 MP3,9781508222040_Japanese_2_QZ_0503.mp3,1
504,504,JP,9781442310599,Japanese 2,23,12R,M,一緒にテニスをしませんか。,issho ni tenisu o shimasen ka.,6,Q,Pimsleur Japanese Level 2 MP3,9781508222040_Japanese_2_QZ_0504.mp3,1
505,505,JP,9781442310599,Japanese 2,24,01Q,N,"As for tomorrow, it's a holiday, though.",,,,Pimsleur Japanese Level 2 MP3,9781508222040_Japanese_2_QZ_0505.mp3,"9,17"
506,506,JP,9781442310599,Japanese 2,24,01R,M,明日は休みですけど。,ashita wa yasumi desu kedo.,5,S,Pimsleur Japanese Level 2 MP3,9781508222040_Japanese_2_QZ_0506.mp3,"9,17"
507,507,JP,9781442310599,Japanese 2,24,02Q,N,"It's a little bit far, though.",,,,Pimsleur Japanese Level 2 MP3,9781508222040_Japanese_2_QZ_0507.mp3,"4,9"
508,508,JP,9781442310599,Japanese 2,24,02R,F,ちょっと遠いですけど。,chotto tooi desu kedo.,4,S,Pimsleur Japanese Level 2 MP3,9781508222040_Japanese_2_QZ_0508.mp3,"4,9"
509,509,JP,9781442310599,Japanese 2,24,03Q,N,As many as fifteen years?,,,,Pimsleur Japanese Level 2 MP3,9781508222040_Japanese_2_QZ_0509.mp3,"9,12"
510,510,JP,9781442310599,Japanese 2,24,03R,F,十五年も？,ju go nen mo?,4,Q,Pimsleur Japanese Level 2 MP3,9781508222040_Japanese_2_QZ_0510.mp3,"9,12"
511,511,JP,9781442310599,Japanese 2,24,04Q,N,She's been playing tennis fifteen years.,,,,Pimsleur Japanese Level 2 MP3,9781508222040_Japanese_2_QZ_0511.mp3,"1,9,12"
512,512,JP,9781442310599,Japanese 2,24,04R,M,十五年テニスをしています。,ju go nen tenisu o shite imasu.,7,S,Pimsleur Japanese Level 2 MP3,9781508222040_Japanese_2_QZ_0512.mp3,"1,9,12"
513,513,JP,9781442310599,Japanese 2,24,05Q,N,I have a meeting.,,,,Pimsleur Japanese Level 2 MP3,9781508222040_Japanese_2_QZ_0513.mp3,"9,20"
514,514,JP,9781442310599,Japanese 2,24,05R,F,会議があります。,kaigi ga arimasu.,3,S,Pimsleur Japanese Level 2 MP3,9781508222040_Japanese_2_QZ_0514.mp3,"9,20"
515,515,JP,9781442310599,Japanese 2,24,06Q,N,"Yesterday, we played tennis.",,,,Pimsleur Japanese Level 2 MP3,9781508222040_Japanese_2_QZ_0515.mp3,"1,9,17"
516,516,JP,9781442310599,Japanese 2,24,06R,M,昨日 、私たちはテニスをしました。,"kino, watashitachi wa tenisu o shimashita.",6,S,Pimsleur Japanese Level 2 MP3,9781508222040_Japanese_2_QZ_0516.mp3,"1,9,17"
517,517,JP,9781442310599,Japanese 2,24,07Q,N,I played tennis.,,,,Pimsleur Japanese Level 2 MP3,9781508222040_Japanese_2_QZ_0517.mp3,"1,9"
518,518,JP,9781442310599,Japanese 2,24,07R,M,テニスをしました。,tenisu o shimashita.,3,S,Pimsleur Japanese Level 2 MP3,9781508222040_Japanese_2_QZ_0518.mp3,"1,9"
519,519,JP,9781442310599,Japanese 2,24,08Q,N,"You're awfully busy, aren't you.",,,,Pimsleur Japanese Level 2 MP3,9781508222040_Japanese_2_QZ_0519.mp3,"9,17"
520,520,JP,9781442310599,Japanese 2,24,08R,M,ずいぶん忙しいんですね。,zuibun isogashii n desu ne.,5,S,Pimsleur Japanese Level 2 MP3,9781508222040_Japanese_2_QZ_0520.mp3,"9,17"
521,521,JP,9781442310599,Japanese 2,24,09Q,N,That doesn't matter.,,,,Pimsleur Japanese Level 2 MP3,9781508222040_Japanese_2_QZ_0521.mp3,"7,16"
522,522,JP,9781442310599,Japanese 2,24,09R,F,かまいません。,kamaimasen.,1,S,Pimsleur Japanese Level 2 MP3,9781508222040_Japanese_2_QZ_0522.mp3,"7,16"
523,523,JP,9781442310599,Japanese 2,24,10Q,N,"At the coffee shop, won't you drink tea?",,,,Pimsleur Japanese Level 2 MP3,9781508222040_Japanese_2_QZ_0523.mp3,"6,13"
524,524,JP,9781442310599,Japanese 2,24,10R,F,喫茶店でお茶を飲みませんか。,kissaten de ocha o nomimasen ka.,6,Q,Pimsleur Japanese Level 2 MP3,9781508222040_Japanese_2_QZ_0524.mp3,"6,13"
525,525,JP,9781442310599,Japanese 2,24,11Q,N,I'm a little bit busy now.,,,,Pimsleur Japanese Level 2 MP3,9781508222040_Japanese_2_QZ_0525.mp3,"9,17"
526,526,JP,9781442310599,Japanese 2,24,11R,F,今ちょっと忙しいんです。,ima chotto isogashii n desu.,5,S,Pimsleur Japanese Level 2 MP3,9781508222040_Japanese_2_QZ_0526.mp3,"9,17"
527,527,JP,9781442310599,Japanese 2,25,01Q,N,Where can I change money?,,,,Pimsleur Japanese Level 2 MP3,9781508222040_Japanese_2_QZ_0527.mp3,"9,11"
528,528,JP,9781442310599,Japanese 2,25,01R,M,お金はどこで替えられますか。,okane wa doko de kaeraremasu ka.,6,Q,Pimsleur Japanese Level 2 MP3,9781508222040_Japanese_2_QZ_0528.mp3,"9,11"
529,529,JP,9781442310599,Japanese 2,25,02Q,N,I'll return right away.,,,,Pimsleur Japanese Level 2 MP3,9781508222040_Japanese_2_QZ_0529.mp3,"9,17,18"
530,530,JP,9781442310599,Japanese 2,25,02R,M,すぐ戻って来ます。,sugu modotte kimasu.,3,S,Pimsleur Japanese Level 2 MP3,9781508222040_Japanese_2_QZ_0530.mp3,"9,17,18"
531,531,JP,9781442310599,Japanese 2,25,03Q,N,I like tennis better.,,,,Pimsleur Japanese Level 2 MP3,9781508222040_Japanese_2_QZ_0531.mp3,"1,9"
532,532,JP,9781442310599,Japanese 2,25,03R,M,テニスのほうが好きです。,tenisu no hoo ga suki desu.,6,S,Pimsleur Japanese Level 2 MP3,9781508222040_Japanese_2_QZ_0532.mp3,"1,9"
533,533,JP,9781442310599,Japanese 2,25,04Q,N,He plays golf.,,,,Pimsleur Japanese Level 2 MP3,9781508222040_Japanese_2_QZ_0533.mp3,"1,9"
534,534,JP,9781442310599,Japanese 2,25,04R,F,ゴルフをします。,goruhu o shimasu.,3,S,Pimsleur Japanese Level 2 MP3,9781508222040_Japanese_2_QZ_0534.mp3,"1,9"
535,535,JP,9781442310599,Japanese 2,25,05Q,N,I prefer chocolate.,,,,Pimsleur Japanese Level 2 MP3,9781508222040_Japanese_2_QZ_0535.mp3,"6,9"
536,536,JP,9781442310599,Japanese 2,25,05R,M,チョコレートのほうがいいです。,chokoreeto no hoo ga ii desu.,6,S,Pimsleur Japanese Level 2 MP3,9781508222040_Japanese_2_QZ_0536.mp3,"6,9"
537,537,JP,9781442310599,Japanese 2,25,06Q,N,Do you prefer Saturday?,,,,Pimsleur Japanese Level 2 MP3,9781508222040_Japanese_2_QZ_0537.mp3,17
538,538,JP,9781442310599,Japanese 2,25,06R,M,土曜日のほうがいいですか。,do yoobi no hoo ga ii desu ka.,8,Q,Pimsleur Japanese Level 2 MP3,9781508222040_Japanese_2_QZ_0538.mp3,17
539,539,JP,9781442310599,Japanese 2,25,07Q,N,That coffee shop's coffee is very delicious.,,,,Pimsleur Japanese Level 2 MP3,9781508222040_Japanese_2_QZ_0539.mp3,"6,9"
540,540,JP,9781442310599,Japanese 2,25,07R,F,その喫茶店のコーヒーはとてもおいしいです。,sono kissaten no koohii wa totemo oishii desu.,8,S,Pimsleur Japanese Level 2 MP3,9781508222040_Japanese_2_QZ_0540.mp3,"6,9"
541,541,JP,9781442310599,Japanese 2,25,08Q,N,"You can change it over there, for sure.",,,,Pimsleur Japanese Level 2 MP3,9781508222040_Japanese_2_QZ_0541.mp3,"9,11,18"
542,542,JP,9781442310599,Japanese 2,25,08R,F,あそこで替えられますよ。,asoko de kaeraremasu yo.,4,S,Pimsleur Japanese Level 2 MP3,9781508222040_Japanese_2_QZ_0542.mp3,"9,11,18"
543,543,JP,9781442310599,Japanese 2,25,09Q,N,"At the bank in the hotel, you can change, for sure.",,,,Pimsleur Japanese Level 2 MP3,9781508222040_Japanese_2_QZ_0543.mp3,"9,11,18"
544,544,JP,9781442310599,Japanese 2,25,09R,F,ホテルの銀行で替えられますよ。,hoteru no ginkoo de kaeraremasu yo.,6,S,Pimsleur Japanese Level 2 MP3,9781508222040_Japanese_2_QZ_0544.mp3,"9,11,18"
545,545,JP,9781442310599,Japanese 2,26,01Q,N,I would like to change dollars to yen.,,,,Pimsleur Japanese Level 2 MP3,9781508222040_Japanese_2_QZ_0545.mp3,"7,11"
546,546,JP,9781442310599,Japanese 2,26,01R,M,ドルを円に替えたいんですが。,doru o en ni kaetai n desu ga.,8,S,Pimsleur Japanese Level 2 MP3,9781508222040_Japanese_2_QZ_0546.mp3,"7,11"
547,547,JP,9781442310599,Japanese 2,26,02Q,N,"As for to the bank, are you going there right away?",,,,Pimsleur Japanese Level 2 MP3,9781508222040_Japanese_2_QZ_0547.mp3,"11,17"
548,548,JP,9781442310599,Japanese 2,26,02R,M,銀行へはすぐ行きますか。,ginkoo e wa sugu ikimasu ka.,6,Q,Pimsleur Japanese Level 2 MP3,9781508222040_Japanese_2_QZ_0548.mp3,"11,17"
549,549,JP,9781442310599,Japanese 2,26,03Q,N,Are you going immediately?,,,,Pimsleur Japanese Level 2 MP3,9781508222040_Japanese_2_QZ_0549.mp3,"9,17"
550,550,JP,9781442310599,Japanese 2,26,03R,F,今すぐ行きますか。,ima sugu ikimasu ka.,4,Q,Pimsleur Japanese Level 2 MP3,9781508222040_Japanese_2_QZ_0550.mp3,"9,17"
551,551,JP,9781442310599,Japanese 2,26,04Q,N,"As for today, there are many things to do.",,,,Pimsleur Japanese Level 2 MP3,9781508222040_Japanese_2_QZ_0551.mp3,"1,9,17"
552,552,JP,9781442310599,Japanese 2,26,04R,M,今日はたくさんすることがあります。,kyo wa takusan suru koto ga arimasu.,7,S,Pimsleur Japanese Level 2 MP3,9781508222040_Japanese_2_QZ_0552.mp3,"1,9,17"
553,553,JP,9781442310599,Japanese 2,26,05Q,N,I'm going to the bank in order to change money.,,,,Pimsleur Japanese Level 2 MP3,9781508222040_Japanese_2_QZ_0553.mp3,"9,11"
554,554,JP,9781442310599,Japanese 2,26,05R,M,お金を替えに銀行へ行きます。,okane o kaeni ginkoo e ikimasu.,7,S,Pimsleur Japanese Level 2 MP3,9781508222040_Japanese_2_QZ_0554.mp3,"9,11"
555,555,JP,9781442310599,Japanese 2,26,06Q,N,I'd like to change money.,,,,Pimsleur Japanese Level 2 MP3,9781508222040_Japanese_2_QZ_0555.mp3,"11,14"
556,556,JP,9781442310599,Japanese 2,26,06R,M,お金を替えたいんですが。,okane o kaetai n desu ga.,6,S,Pimsleur Japanese Level 2 MP3,9781508222040_Japanese_2_QZ_0556.mp3,"11,14"
557,557,JP,9781442310599,Japanese 2,26,07Q,N,The Shinjuku Bank is closer.,,,,Pimsleur Japanese Level 2 MP3,9781508222040_Japanese_2_QZ_0557.mp3,"4,9,11"
558,558,JP,9781442310599,Japanese 2,26,07R,F,新宿銀行のほうが近いです。,shinjuku ginkoo no hoo ga chikai desu.,7,S,Pimsleur Japanese Level 2 MP3,9781508222040_Japanese_2_QZ_0558.mp3,"4,9,11"
559,559,JP,9781442310599,Japanese 2,26,08Q,N,I'll go to the room and come back.,,,,Pimsleur Japanese Level 2 MP3,9781508222040_Japanese_2_QZ_0559.mp3,9
560,560,JP,9781442310599,Japanese 2,26,08R,M,部屋へ行って来ます。,heya e itte kimasu.,4,S,Pimsleur Japanese Level 2 MP3,9781508222040_Japanese_2_QZ_0560.mp3,9
561,561,JP,9781442310599,Japanese 2,26,09Q,N,I would like to go to the post office also.,,,,Pimsleur Japanese Level 2 MP3,9781508222040_Japanese_2_QZ_0561.mp3,1
562,562,JP,9781442310599,Japanese 2,26,09R,M,郵便局へも行きたいんですが。,yuubinkyoku e mo ikitai n desu ga.,7,S,Pimsleur Japanese Level 2 MP3,9781508222040_Japanese_2_QZ_0562.mp3,1
563,563,JP,9781442310599,Japanese 2,26,10Q,N,Welcome. (polite),,,,Pimsleur Japanese Level 2 MP3,9781508222040_Japanese_2_QZ_0563.mp3,"10,13,16"
564,564,JP,9781442310599,Japanese 2,26,10R,F,いらっしゃいませ。,irasshaimase.,1,S,Pimsleur Japanese Level 2 MP3,9781508222040_Japanese_2_QZ_0564.mp3,"10,13,16"
565,565,JP,9781442310599,Japanese 2,27,01Q,N,Can we go together?,,,,Pimsleur Japanese Level 2 MP3,9781508222040_Japanese_2_QZ_0565.mp3,"1,7"
566,566,JP,9781442310599,Japanese 2,27,01R,F,一緒に行ってもいいですか。,issho ni itte mo ii desu ka.,7,Q,Pimsleur Japanese Level 2 MP3,9781508222040_Japanese_2_QZ_0566.mp3,"1,7"
567,567,JP,9781442310599,Japanese 2,27,02Q,N,"As for in Kyuushuu, there are many things to do.",,,,Pimsleur Japanese Level 2 MP3,9781508222040_Japanese_2_QZ_0567.mp3,"1,9,18"
568,568,JP,9781442310599,Japanese 2,27,02R,M,九州ではたくさんすることがあります。,kyuushuu de wa takusan suru koto ga arimasu.,8,S,Pimsleur Japanese Level 2 MP3,9781508222040_Japanese_2_QZ_0568.mp3,"1,9,18"
569,569,JP,9781442310599,Japanese 2,27,03Q,N,"You're going to Shikoku, aren't you.",,,,Pimsleur Japanese Level 2 MP3,9781508222040_Japanese_2_QZ_0569.mp3,18
570,570,JP,9781442310599,Japanese 2,27,03R,F,四国へ行くんですね。,shikoku e iku n desu ne.,6,S,Pimsleur Japanese Level 2 MP3,9781508222040_Japanese_2_QZ_0570.mp3,18
571,571,JP,9781442310599,Japanese 2,27,04Q,N,I'll return on Sunday.,,,,Pimsleur Japanese Level 2 MP3,9781508222040_Japanese_2_QZ_0571.mp3,"17,18"
572,572,JP,9781442310599,Japanese 2,27,04R,M,日曜日に戻って来ます。,nichi yoobi ni modotte kimasu.,5,S,Pimsleur Japanese Level 2 MP3,9781508222040_Japanese_2_QZ_0572.mp3,"17,18"
573,573,JP,9781442310599,Japanese 2,27,05Q,N,"As for in Shikoku, how long are you going to stay there?",,,,Pimsleur Japanese Level 2 MP3,9781508222040_Japanese_2_QZ_0573.mp3,"9,17,18"
574,574,JP,9781442310599,Japanese 2,27,05R,F,四国にはどのぐらいいますか。,shikoku ni wa donogurai imasu ka.,6,Q,Pimsleur Japanese Level 2 MP3,9781508222040_Japanese_2_QZ_0574.mp3,"9,17,18"
575,575,JP,9781442310599,Japanese 2,27,06Q,N,"As for in Shikoku, I'll stay only a few days.",,,,Pimsleur Japanese Level 2 MP3,9781508222040_Japanese_2_QZ_0575.mp3,"9,13,18"
576,576,JP,9781442310599,Japanese 2,27,06R,M,四国には二、三日しかいません。,"shikoku ni wa ni, san nichi shika imasen.",8,S,Pimsleur Japanese Level 2 MP3,9781508222040_Japanese_2_QZ_0576.mp3,"9,13,18"
577,577,JP,9781442310599,Japanese 2,27,07Q,N,I'll stay only for two days.,,,,Pimsleur Japanese Level 2 MP3,9781508222040_Japanese_2_QZ_0577.mp3,"9,12,18"
578,578,JP,9781442310599,Japanese 2,27,07R,M,二日しかいません。,futsuka shika imasen.,3,S,Pimsleur Japanese Level 2 MP3,9781508222040_Japanese_2_QZ_0578.mp3,"9,12,18"
579,579,JP,9781442310599,Japanese 2,27,08Q,N,I have to go.,,,,Pimsleur Japanese Level 2 MP3,9781508222040_Japanese_2_QZ_0579.mp3,"7,16"
580,580,JP,9781442310599,Japanese 2,27,08R,M,行かなくてはいけません。,ikanakutewa ikemasen.,2,S,Pimsleur Japanese Level 2 MP3,9781508222040_Japanese_2_QZ_0580.mp3,"7,16"
581,581,JP,9781442310599,Japanese 2,27,09Q,N,I have to go to the bank.,,,,Pimsleur Japanese Level 2 MP3,9781508222040_Japanese_2_QZ_0581.mp3,11
582,582,JP,9781442310599,Japanese 2,27,09R,M,銀行へ行かなくてはいけません。,ginkoo e ikanakutewa ikemasen.,4,S,Pimsleur Japanese Level 2 MP3,9781508222040_Japanese_2_QZ_0582.mp3,11
583,583,JP,9781442310599,Japanese 2,28,01Q,N,"In August, I'm going to Boston to see the family.",,,,Pimsleur Japanese Level 2 MP3,9781508222040_Japanese_2_QZ_0583.mp3,"5,9,17,18"
584,584,JP,9781442310599,Japanese 2,28,01R,M,八月に家族に会いにボストンへ行きます。,hachi gatsu ni kazoku ni ai ni bosuton e ikimasu.,10,S,Pimsleur Japanese Level 2 MP3,9781508222040_Japanese_2_QZ_0584.mp3,"5,9,17,18"
585,585,JP,9781442310599,Japanese 2,28,02Q,N,Is there a meeting in Kyuushuu?,,,,Pimsleur Japanese Level 2 MP3,9781508222040_Japanese_2_QZ_0585.mp3,20
586,586,JP,9781442310599,Japanese 2,28,02R,F,九州で会議がありますか。,kyuushuu de kaigi ga arimasu ka.,6,Q,Pimsleur Japanese Level 2 MP3,9781508222040_Japanese_2_QZ_0586.mp3,20
587,587,JP,9781442310599,Japanese 2,28,03Q,N,"There's a meeting in Kyuushuu, also.",,,,Pimsleur Japanese Level 2 MP3,9781508222040_Japanese_2_QZ_0587.mp3,20
588,588,JP,9781442310599,Japanese 2,28,03R,M,九州でも会議があります。,kyuushuu de mo kaigi ga arimasu.,6,S,Pimsleur Japanese Level 2 MP3,9781508222040_Japanese_2_QZ_0588.mp3,20
589,589,JP,9781442310599,Japanese 2,28,04Q,N,"In Shikoku, there is a meeting.",,,,Pimsleur Japanese Level 2 MP3,9781508222040_Japanese_2_QZ_0589.mp3,"9,20"
590,590,JP,9781442310599,Japanese 2,28,04R,M,四国では会議があります。,shikoku de wa kaigi ga arimasu.,5,S,Pimsleur Japanese Level 2 MP3,9781508222040_Japanese_2_QZ_0590.mp3,"9,20"
591,591,JP,9781442310599,Japanese 2,28,05Q,N,Does your family also go to Shikoku? (polite),,,,Pimsleur Japanese Level 2 MP3,9781508222040_Japanese_2_QZ_0591.mp3,"5,9,13"
592,592,JP,9781442310599,Japanese 2,28,05R,F,ご家族も四国へいらっしゃいますか。,gokazoku mo shikoku e irasshaimasu ka.,6,Q,Pimsleur Japanese Level 2 MP3,9781508222040_Japanese_2_QZ_0592.mp3,"5,9,13"
593,593,JP,9781442310599,Japanese 2,28,06Q,N,"As for Boston, what kind of a place is it?",,,,Pimsleur Japanese Level 2 MP3,9781508222040_Japanese_2_QZ_0593.mp3,"9,18"
594,594,JP,9781442310599,Japanese 2,28,06R,F,ボストンはどんなところですか。,bosuton wa donna tokoro desu ka.,6,Q,Pimsleur Japanese Level 2 MP3,9781508222040_Japanese_2_QZ_0594.mp3,"9,18"
595,595,JP,9781442310599,Japanese 2,28,07Q,N,I'm going to a coffee shop in order to see a friend.,,,,Pimsleur Japanese Level 2 MP3,9781508222040_Japanese_2_QZ_0595.mp3,"1,5,6"
596,596,JP,9781442310599,Japanese 2,28,07R,F,友達に会いに喫茶店へ行きます。,tomodachi ni ai ni kissaten e ikimasu.,7,S,Pimsleur Japanese Level 2 MP3,9781508222040_Japanese_2_QZ_0596.mp3,"1,5,6"
597,597,JP,9781442310599,Japanese 2,28,08Q,N,"Someday, I want to go to America.",,,,Pimsleur Japanese Level 2 MP3,9781508222040_Japanese_2_QZ_0597.mp3,"1,17,18"
598,598,JP,9781442310599,Japanese 2,28,08R,F,いつかアメリカへ行きたいです。,itsuka amerika e ikitai desu.,5,S,Pimsleur Japanese Level 2 MP3,9781508222040_Japanese_2_QZ_0598.mp3,"1,17,18"
599,599,JP,9781442310599,Japanese 2,28,09Q,N,Where is your family living? (polite),,,,Pimsleur Japanese Level 2 MP3,9781508222040_Japanese_2_QZ_0599.mp3,"4,5,13"
600,600,JP,9781442310599,Japanese 2,28,09R,F,ご家族はどこに住んでいらっしゃいますか。,gokazoku wa doko ni sunde irasshaimasu ka.,7,Q,Pimsleur Japanese Level 2 MP3,9781508222040_Japanese_2_QZ_0600.mp3,"4,5,13"
601,601,JP,9781442310599,Japanese 2,29,01Q,N,The bus takes time.,,,,Pimsleur Japanese Level 2 MP3,9781508222040_Japanese_2_QZ_0601.mp3,"9,17,18"
602,602,JP,9781442310599,Japanese 2,29,01R,M,バスは時間がかかります。,basu wa jikan ga kakarimasu.,5,S,Pimsleur Japanese Level 2 MP3,9781508222040_Japanese_2_QZ_0602.mp3,"9,17,18"
603,603,JP,9781442310599,Japanese 2,29,02Q,N,Shall I draw a map?,,,,Pimsleur Japanese Level 2 MP3,9781508222040_Japanese_2_QZ_0603.mp3,"4,13"
604,604,JP,9781442310599,Japanese 2,29,02R,F,地図を 描 きましょうか。,chizu o kakimashoo ka.,4,Q,Pimsleur Japanese Level 2 MP3,9781508222040_Japanese_2_QZ_0604.mp3,"4,13"
605,605,JP,9781442310599,Japanese 2,29,03Q,N,There's a bank in front of the station.,,,,Pimsleur Japanese Level 2 MP3,9781508222040_Japanese_2_QZ_0605.mp3,"11,18"
606,606,JP,9781442310599,Japanese 2,29,03R,F,駅の前に銀行があります。,eki no mae ni ginkoo ga arimasu.,7,S,Pimsleur Japanese Level 2 MP3,9781508222040_Japanese_2_QZ_0606.mp3,"11,18"
607,607,JP,9781442310599,Japanese 2,29,04Q,N,This weekend?,,,,Pimsleur Japanese Level 2 MP3,9781508222040_Japanese_2_QZ_0607.mp3,"9,17"
608,608,JP,9781442310599,Japanese 2,29,04R,M,この週末ですか。,kono shuumatsu desu ka.,4,Q,Pimsleur Japanese Level 2 MP3,9781508222040_Japanese_2_QZ_0608.mp3,"9,17"
609,609,JP,9781442310599,Japanese 2,29,05Q,N,"I'm sorry, I'm late.",,,,Pimsleur Japanese Level 2 MP3,9781508222040_Japanese_2_QZ_0609.mp3,"7,13,17"
610,610,JP,9781442310599,Japanese 2,29,05R,M,遅くなってすみません。,osokunatte sumimasen.,2,S,Pimsleur Japanese Level 2 MP3,9781508222040_Japanese_2_QZ_0610.mp3,"7,13,17"
611,611,JP,9781442310599,Japanese 2,29,06Q,N,You can exchange there.,,,,Pimsleur Japanese Level 2 MP3,9781508222040_Japanese_2_QZ_0611.mp3,"9,11"
612,612,JP,9781442310599,Japanese 2,29,06R,F,そこで替えられます。,soko de kaeraremasu.,3,S,Pimsleur Japanese Level 2 MP3,9781508222040_Japanese_2_QZ_0612.mp3,"9,11"
613,613,JP,9781442310599,Japanese 2,29,07Q,N,I'll draw a map.,,,,Pimsleur Japanese Level 2 MP3,9781508222040_Japanese_2_QZ_0613.mp3,4
614,614,JP,9781442310599,Japanese 2,29,07R,F,地図を描きます。,chizu o kakimasu.,3,S,Pimsleur Japanese Level 2 MP3,9781508222040_Japanese_2_QZ_0614.mp3,4
615,615,JP,9781442310599,Japanese 2,29,08Q,N,Shall we drink coffee there?,,,,Pimsleur Japanese Level 2 MP3,9781508222040_Japanese_2_QZ_0615.mp3,6
616,616,JP,9781442310599,Japanese 2,29,08R,M,そこでコーヒーを飲みましょうか。,soko de koohi o nomimashoo ka.,6,Q,Pimsleur Japanese Level 2 MP3,9781508222040_Japanese_2_QZ_0616.mp3,6
617,617,JP,9781442310599,Japanese 2,30,01Q,N,It doesn't snow much.,,,,Pimsleur Japanese Level 2 MP3,9781508222040_Japanese_2_QZ_0617.mp3,"9,19"
618,618,JP,9781442310599,Japanese 2,30,01R,M,あまり降りません。,amari furimasen.,2,S,Pimsleur Japanese Level 2 MP3,9781508222040_Japanese_2_QZ_0618.mp3,"9,19"
619,619,JP,9781442310599,Japanese 2,30,02Q,N,"As for in Japan, it rains a lot.",,,,Pimsleur Japanese Level 2 MP3,9781508222040_Japanese_2_QZ_0619.mp3,"9,19"
620,620,JP,9781442310599,Japanese 2,30,02R,F,日本ではたくさん雨が降ります。,nihon de wa takusan ame ga furimasu.,7,S,Pimsleur Japanese Level 2 MP3,9781508222040_Japanese_2_QZ_0620.mp3,"9,19"
621,621,JP,9781442310599,Japanese 2,30,03Q,N,How about some tea? (formal),,,,Pimsleur Japanese Level 2 MP3,9781508222040_Japanese_2_QZ_0621.mp3,"6,13"
622,622,JP,9781442310599,Japanese 2,30,03R,F,お茶はいかがですか。,ocha wa ikaga desu ka.,5,Q,Pimsleur Japanese Level 2 MP3,9781508222040_Japanese_2_QZ_0622.mp3,"6,13"
623,623,JP,9781442310599,Japanese 2,30,04Q,N,It snows often.,,,,Pimsleur Japanese Level 2 MP3,9781508222040_Japanese_2_QZ_0623.mp3,"9,19"
624,624,JP,9781442310599,Japanese 2,30,04R,M,よく雪が降ります。,yoku yuki ga furimasu.,4,S,Pimsleur Japanese Level 2 MP3,9781508222040_Japanese_2_QZ_0624.mp3,"9,19"
625,625,JP,9781442310599,Japanese 2,30,05Q,N,Does it rain?,,,,Pimsleur Japanese Level 2 MP3,9781508222040_Japanese_2_QZ_0625.mp3,"9,19"
626,626,JP,9781442310599,Japanese 2,30,05R,F,雨が降りますか。,ame ga furimasu ka.,4,Q,Pimsleur Japanese Level 2 MP3,9781508222040_Japanese_2_QZ_0626.mp3,"9,19"
627,627,JP,9781442310599,Japanese 2,30,06Q,N,I'll excuse myself.,,,,Pimsleur Japanese Level 2 MP3,9781508222040_Japanese_2_QZ_0627.mp3,"10,13,16"
628,628,JP,9781442310599,Japanese 2,30,06R,M,失礼します。,shitsurei shimasu.,2,S,Pimsleur Japanese Level 2 MP3,9781508222040_Japanese_2_QZ_0628.mp3,"10,13,16"
629,629,JP,9781442310599,Japanese 2,30,07Q,N,I'll have it.,,,,Pimsleur Japanese Level 2 MP3,9781508222040_Japanese_2_QZ_0629.mp3,"7,16"
630,630,JP,9781442310599,Japanese 2,30,07R,M,頂きます。,itadakimasu.,1,S,Pimsleur Japanese Level 2 MP3,9781508222040_Japanese_2_QZ_0630.mp3,"7,16"
631,631,JP,9781442310599,Japanese 2,30,08Q,N,I'm going there in order to see some friends.,,,,Pimsleur Japanese Level 2 MP3,9781508222040_Japanese_2_QZ_0631.mp3,"5,6"
632,632,JP,9781442310599,Japanese 2,30,08R,M,友達に会いに行きます。,tomodachi ni ai ni ikimasu.,5,S,Pimsleur Japanese Level 2 MP3,9781508222040_Japanese_2_QZ_0632.mp3,"5,6"
633,633,JP,9781442310599,Japanese 2,30,09Q,N,"As for winter, does it snow often?",,,,Pimsleur Japanese Level 2 MP3,9781508222040_Japanese_2_QZ_0633.mp3,"9,19"
634,634,JP,9781442310599,Japanese 2,30,09R,F,冬はよく雪が降りますか。,fuyu wa yoku yuki ga furimasu ka.,7,Q,Pimsleur Japanese Level 2 MP3,9781508222040_Japanese_2_QZ_0634.mp3,"9,19"
635,635,JP,9781442310599,Japanese 2,30,10Q,N,It snows a lot.,,,,Pimsleur Japanese Level 2 MP3,9781508222040_Japanese_2_QZ_0635.mp3,"9,19"
636,636,JP,9781442310599,Japanese 2,30,10R,M,たくさん降ります。,takusan furimasu.,2,S,Pimsleur Japanese Level 2 MP3,9781508222040_Japanese_2_QZ_0636.mp3,"9,19"
637,637,JP,9781442310599,Japanese 2,30,11Q,N,Maybe it falls only a few days.,,,,Pimsleur Japanese Level 2 MP3,9781508222040_Japanese_2_QZ_0637.mp3,"9,17,19"
638,638,JP,9781442310599,Japanese 2,30,11R,F,多分二、三日しか降りません。,"tabun ni, san nichi shika furimasen.",6,S,Pimsleur Japanese Level 2 MP3,9781508222040_Japanese_2_QZ_0638.mp3,"9,17,19"